DataStationCode,Date,UnconfirmedChange,StartTime,EndTime,MaxTime,LatitudeHemisphere,Latitude,LongitudeHemisphere,LongitudeCMD,SXIData,FlareClass,FlareIntensity,StationAbbreviation,IntegratedFlux,NOAASunspotRegionNumber,CMPDate,RegionArea,TotalIntensity,DateTime
31777,100119,,1303,1350,1341,nan,nan,nan,nan,nan,M,23,GOES,3.9E-02,11041,nan,nan,nan,2010-01-19 13:03:00
31777,100119,,2023,2046,2035,nan,nan,nan,nan,nan,M,17,GOES,1.8E-02,11041,nan,nan,nan,2010-01-19 20:23:00
31777,100120,,0645,0734,0727,S,24,E,87,SF,M,10,GOES,1.9E-02,11041,nan,nan,nan,2010-01-20 06:45:00
31777,100120,,0742,0753,0749,S,24,E,88,SF,M,16,GOES,1.2E-02,11041,nan,nan,nan,2010-01-20 07:42:00
31777,100120,,1046,1110,1059,nan,nan,nan,nan,nan,M,18,GOES,1.7E-02,11041,nan,nan,nan,2010-01-20 10:46:00
31777,100120,,1750,1800,1755,S,26,E,81,SF,M,34,GOES,1.7E-02,11041,nan,nan,nan,2010-01-20 17:50:00
31777,100206,,1847,1909,1859,N,21,E,17,SN,M,29,GOES,2.6E-02,11045,nan,nan,nan,2010-02-06 18:47:00
31777,100206,,2131,2142,2137,nan,nan,nan,nan,nan,M,13,GOES,7.4E-03,11045,nan,nan,nan,2010-02-06 21:31:00
31777,100207,,0220,0239,0234,N,21,E,10,1N,M,64,GOES,3.8E-02,11045,nan,nan,nan,2010-02-07 02:20:00
31777,100208,,0736,0746,0743,nan,nan,nan,nan,nan,M,40,GOES,1.3E-02,11045,nan,nan,nan,2010-02-08 07:36:00
31777,100208,,1157,1206,1203,nan,nan,nan,nan,nan,M,11,GOES,3.0E-03,11045,nan,nan,nan,2010-02-08 11:57:00
31777,100208,,1332,1350,1347,nan,nan,nan,nan,nan,M,20,GOES,8.2E-03,11045,nan,nan,nan,2010-02-08 13:32:00
31777,100208,,2101,2128,2123,N,23,W,12,SN,M,10,GOES,4.2E-03,11045,nan,nan,nan,2010-02-08 21:01:00
31777,100212,,1119,1128,1126,N,26,E,11,1N,M,83,GOES,1.9E-02,11046,nan,nan,nan,2010-02-12 11:19:00
31777,100212,,1752,1815,1808,N,28,W,53,2F,M,11,GOES,6.5E-03,11045,nan,nan,nan,2010-02-12 17:52:00
31777,100505,,1713,1722,1719,N,42,W,37,SF,M,12,GOES,3.2E-03,11069,nan,nan,nan,2010-05-05 17:13:00
31777,100612,,0030,0102,0057,N,23,W,43,SN,M,20,GOES,6.8E-03,11081,nan,nan,nan,2010-06-12 00:30:00
31777,100613,,0530,0544,0539,S,25,W,84,SF,M,10,GOES,4.2E-03,11079,nan,nan,nan,2010-06-13 05:30:00
31777,100807,,1755,1847,1824,N,11,E,34,2F,M,10,GOES,1.8E-02,11093,nan,nan,nan,2010-08-07 17:55:00
31777,101016,,1907,1915,1912,S,20,W,26,1N,M,29,GOES,6.4E-03,11112,nan,nan,nan,2010-10-16 19:07:00
31777,101104,,2330,0012,2358,S,20,E,76,SF,M,16,GOES,1.4E-02,11121,nan,nan,nan,2010-11-04 23:30:00
31777,101105,,1243,1406,1329,nan,nan,nan,nan,nan,M,10,GOES,2.3E-02,11121,nan,nan,nan,2010-11-05 12:43:00
31777,101106,,1527,1544,1536,S,19,E,58,1N,M,54,GOES,2.6E-02,11121,nan,nan,nan,2010-11-06 15:27:00
31777,110128,,0044,0110,0103,nan,nan,nan,nan,nan,M,13,G15,9.5E-03,11149,nan,nan,nan,2011-01-28 00:44:00
31777,110209,,0123,0135,0131,nan,nan,nan,nan,nan,M,19,G15,6.3E-03,11153,nan,nan,nan,2011-02-09 01:23:00
31777,110213,,1728,1747,1738,nan,nan,nan,nan,nan,M,66,G15,4.0E-02,11158,nan,nan,nan,2011-02-13 17:28:00
31777,110214,,1720,1732,1726,nan,nan,nan,nan,nan,M,22,G15,8.7E-03,11158,nan,nan,nan,2011-02-14 17:20:00
31777,110215,,0144,0206,0156,nan,nan,nan,nan,nan,X,22,G15,1.6E-01,11158,nan,nan,nan,2011-02-15 01:44:00
31777,110216,,0132,0146,0139,nan,nan,nan,nan,nan,M,10,G15,5.1E-03,nan,nan,nan,nan,2011-02-16 01:32:00
31777,110216,,0735,0755,0744,nan,nan,nan,nan,nan,M,11,G15,8.6E-03,11161,nan,nan,nan,2011-02-16 07:35:00
31777,110216,,1419,1429,1425,nan,nan,nan,nan,nan,M,16,G15,4.4E-03,11158,nan,nan,nan,2011-02-16 14:19:00
31777,110218,,0955,1015,1011,nan,nan,nan,nan,nan,M,66,G15,1.9E-02,11158,nan,nan,nan,2011-02-18 09:55:00
31777,110218,,1023,1037,1026,nan,nan,nan,nan,nan,M,10,G15,7.0E-03,11162,nan,nan,nan,2011-02-18 10:23:00
31777,110218,,1259,1306,1303,nan,nan,nan,nan,nan,M,14,G15,3.3E-03,11158,nan,nan,nan,2011-02-18 12:59:00
31777,110218,,1400,1415,1408,nan,nan,nan,nan,nan,M,10,G15,4.7E-03,11162,nan,nan,nan,2011-02-18 14:00:00
31777,110218,,2056,2114,2104,nan,nan,nan,nan,nan,M,13,G15,9.5E-03,11162,nan,nan,nan,2011-02-18 20:56:00
31777,110224,,0723,0742,0735,nan,nan,nan,nan,nan,M,35,G15,2.0E-02,11163,nan,nan,nan,2011-02-24 07:23:00
31777,110228,,1238,1303,1252,nan,nan,nan,nan,nan,M,11,G15,9.1E-03,11164,nan,nan,nan,2011-02-28 12:38:00
31777,110307,,0500,0519,0513,nan,nan,nan,nan,nan,M,12,G15,8.1E-03,11164,nan,nan,nan,2011-03-07 05:00:00
31777,110307,,0749,0756,0754,nan,nan,nan,nan,nan,M,15,G15,3.7E-03,11165,nan,nan,nan,2011-03-07 07:49:00
31777,110307,,0759,0815,0807,nan,nan,nan,nan,nan,M,14,G15,1.0E-02,11164,nan,nan,nan,2011-03-07 07:59:00
31777,110307,,0914,0928,0920,nan,nan,nan,nan,nan,M,18,G15,8.9E-03,11164,nan,nan,nan,2011-03-07 09:14:00
31777,110307,,1345,1456,1430,nan,nan,nan,nan,nan,M,19,G15,6.2E-02,11166,nan,nan,nan,2011-03-07 13:45:00
31777,110307,,1943,2058,2012,nan,nan,nan,nan,nan,M,37,G15,1.2E-01,11164,nan,nan,nan,2011-03-07 19:43:00
31777,110307,,2145,2155,2150,nan,nan,nan,nan,nan,M,15,G15,6.6E-03,11165,nan,nan,nan,2011-03-07 21:45:00
31777,110308,,0224,0232,0229,nan,nan,nan,nan,nan,M,13,G15,3.2E-03,11165,nan,nan,nan,2011-03-08 02:24:00
31777,110308,,0337,0420,0358,nan,nan,nan,nan,nan,M,15,G15,2.8E-02,11171,nan,nan,nan,2011-03-08 03:37:00
31777,110308,,1035,1055,1044,nan,nan,nan,nan,nan,M,53,G15,3.4E-02,11165,nan,nan,nan,2011-03-08 10:35:00
31777,110308,,1808,1841,1828,nan,nan,nan,nan,nan,M,44,G15,5.7E-02,11165,nan,nan,nan,2011-03-08 18:08:00
31777,110308,,1946,2119,2016,nan,nan,nan,nan,nan,M,14,G15,6.7E-02,11165,nan,nan,nan,2011-03-08 19:46:00
31777,110309,,1035,1121,1107,nan,nan,nan,nan,nan,M,17,G15,2.6E-02,11166,nan,nan,nan,2011-03-09 10:35:00
31777,110309,,1317,1413,1402,nan,nan,nan,nan,nan,M,17,G15,2.3E-02,11166,nan,nan,nan,2011-03-09 13:17:00
31777,110309,,2313,2329,2323,nan,nan,nan,nan,nan,X,15,G15,6.7E-02,11166,nan,nan,nan,2011-03-09 23:13:00
31777,110310,,2234,2249,2241,nan,nan,nan,nan,nan,M,11,G15,5.8E-03,nan,nan,nan,nan,2011-03-10 22:34:00
31777,110312,,0433,0448,0443,nan,nan,nan,nan,nan,M,13,G15,7.9E-03,11166,nan,nan,nan,2011-03-12 04:33:00
31777,110314,,1930,1954,1952,nan,nan,nan,nan,nan,M,42,G15,1.0E-02,11169,nan,nan,nan,2011-03-14 19:30:00
31777,110315,,0018,0024,0022,nan,nan,nan,nan,nan,M,10,G15,1.5E-03,11169,nan,nan,nan,2011-03-15 00:18:00
31777,110323,,0203,0224,0217,nan,nan,nan,nan,nan,M,14,G15,9.0E-03,11176,nan,nan,nan,2011-03-23 02:03:00
31777,110324,,1201,1211,1207,nan,nan,nan,nan,nan,M,10,G15,3.3E-03,11176,nan,nan,nan,2011-03-24 12:01:00
31777,110325,,2308,2330,2322,nan,nan,nan,nan,nan,M,10,G15,8.0E-03,11176,nan,nan,nan,2011-03-25 23:08:00
31777,110415,,1702,1728,1712,nan,nan,nan,nan,nan,M,13,G15,1.2E-02,11190,nan,nan,nan,2011-04-15 17:02:00
31777,110422,,0435,0514,0457,nan,nan,nan,nan,nan,M,18,G15,2.9E-02,11195,nan,nan,nan,2011-04-22 04:35:00
31777,110422,,1547,1611,1553,nan,nan,nan,nan,nan,M,12,G15,1.1E-02,11195,nan,nan,nan,2011-04-22 15:47:00
31777,110528,,2109,2201,2150,nan,nan,nan,nan,nan,M,11,G15,2.3E-02,11226,nan,nan,nan,2011-05-28 21:09:00
31777,110529,,1008,1108,1033,nan,nan,nan,nan,nan,M,14,G15,3.8E-02,11226,nan,nan,nan,2011-05-29 10:08:00
31777,110607,,0616,0659,0641,nan,nan,nan,nan,nan,M,25,G15,4.4E-02,11226,nan,nan,nan,2011-06-07 06:16:00
31777,110614,,2136,2210,2147,nan,nan,nan,nan,nan,M,13,G15,1.8E-02,11236,nan,nan,nan,2011-06-14 21:36:00
31777,110727,,1548,1622,1607,nan,nan,nan,nan,nan,M,11,G15,1.3E-02,11260,nan,nan,nan,2011-07-27 15:48:00
31777,110730,,0204,0212,0209,nan,nan,nan,nan,nan,M,93,G15,2.0E-02,11261,nan,nan,nan,2011-07-30 02:04:00
31777,110802,,0519,0648,0619,nan,nan,nan,nan,nan,M,14,G15,3.9E-02,11261,nan,nan,nan,2011-08-02 05:19:00
31777,110803,,0308,0351,0337,nan,nan,nan,nan,nan,M,11,G15,1.6E-02,11261,nan,nan,nan,2011-08-03 03:08:00
31777,110803,,0429,0435,0432,nan,nan,nan,nan,nan,M,17,G15,3.2E-03,11263,nan,nan,nan,2011-08-03 04:29:00
31777,110803,,1317,1410,1348,nan,nan,nan,nan,nan,M,60,G15,1.2E-01,11261,nan,nan,nan,2011-08-03 13:17:00
31777,110804,,0341,0404,0357,nan,nan,nan,nan,nan,M,93,G15,5.4E-02,11261,nan,nan,nan,2011-08-04 03:41:00
31777,110808,,1800,1818,1810,nan,nan,nan,nan,nan,M,35,G15,2.2E-02,11263,nan,nan,nan,2011-08-08 18:00:00
31777,110809,,0319,0408,0354,nan,nan,nan,nan,nan,M,25,G15,3.5E-02,11263,nan,nan,nan,2011-08-09 03:19:00
31777,110809,,0748,0808,0805,nan,nan,nan,nan,nan,X,69,G15,1.9E-01,11263,nan,nan,nan,2011-08-09 07:48:00
31777,110904,,1121,1150,1145,nan,nan,nan,nan,nan,M,32,G15,1.8E-02,11286,nan,nan,nan,2011-09-04 11:21:00
31777,110905,,0408,0432,0428,nan,nan,nan,nan,nan,M,16,G15,2.2E-02,11286,nan,nan,nan,2011-09-05 04:08:00
31777,110905,,0727,0806,0758,nan,nan,nan,nan,nan,M,12,G15,1.7E-02,11286,nan,nan,nan,2011-09-05 07:27:00
31777,110906,,0135,0205,0150,nan,nan,nan,nan,nan,M,53,G15,5.4E-02,11283,nan,nan,nan,2011-09-06 01:35:00
31777,110906,,2212,2224,2220,nan,nan,nan,nan,nan,X,21,G15,5.8E-02,11283,nan,nan,nan,2011-09-06 22:12:00
31777,110907,,2232,2244,2238,nan,nan,nan,nan,nan,X,18,G15,6.9E-02,11283,nan,nan,nan,2011-09-07 22:32:00
31777,110908,,1532,1552,1546,nan,nan,nan,nan,nan,M,67,G15,4.2E-02,11283,nan,nan,nan,2011-09-08 15:32:00
31777,110909,,0601,0617,0611,nan,nan,nan,nan,nan,M,27,G15,1.5E-02,11283,nan,nan,nan,2011-09-09 06:01:00
31777,110909,,1239,1256,1249,nan,nan,nan,nan,nan,M,12,G15,7.8E-03,11283,nan,nan,nan,2011-09-09 12:39:00
31777,110910,,0718,0756,0740,nan,nan,nan,nan,nan,M,11,G15,1.9E-02,11283,nan,nan,nan,2011-09-10 07:18:00
31777,110921,,1204,1245,1223,nan,nan,nan,nan,nan,M,18,G15,3.4E-02,11302,nan,nan,nan,2011-09-21 12:04:00
31777,110922,,0953,1009,1000,nan,nan,nan,nan,nan,M,11,G15,7.6E-03,11302,nan,nan,nan,2011-09-22 09:53:00
31777,110922,,1029,1144,1101,nan,nan,nan,nan,nan,X,14,G15,4.5E-01,11302,nan,nan,nan,2011-09-22 10:29:00
31777,110923,,0147,0210,0159,nan,nan,nan,nan,nan,M,16,G15,1.6E-02,11295,nan,nan,nan,2011-09-23 01:47:00
31777,110923,,2154,2234,2215,nan,nan,nan,nan,nan,M,16,G15,3.0E-02,11295,nan,nan,nan,2011-09-23 21:54:00
31777,110923,,2348,0004,2356,nan,nan,nan,nan,nan,M,19,G15,1.3E-02,11302,nan,nan,nan,2011-09-23 23:48:00
31777,110924,,0921,0948,0940,nan,nan,nan,nan,nan,X,19,G15,1.1E-01,11302,nan,nan,nan,2011-09-24 09:21:00
31777,110924,,1233,1410,1320,nan,nan,nan,nan,nan,M,71,G15,2.9E-01,11302,nan,nan,nan,2011-09-24 12:33:00
31777,110924,,1636,1715,1659,nan,nan,nan,nan,nan,M,17,G15,3.2E-02,11295,nan,nan,nan,2011-09-24 16:36:00
31777,110924,,1719,1731,1725,nan,nan,nan,nan,nan,M,31,G15,1.6E-02,11302,nan,nan,nan,2011-09-24 17:19:00
31777,110924,,1759,1824,1815,nan,nan,nan,nan,nan,M,28,G15,3.3E-02,11302,nan,nan,nan,2011-09-24 17:59:00
31777,110924,,1909,1941,1921,nan,nan,nan,nan,nan,M,30,G15,4.6E-02,11302,nan,nan,nan,2011-09-24 19:09:00
31777,110924,,2029,2042,2036,nan,nan,nan,nan,nan,M,58,G15,2.4E-02,11302,nan,nan,nan,2011-09-24 20:29:00
31777,110924,,2123,2132,2127,nan,nan,nan,nan,nan,M,12,G15,7.0E-03,11303,nan,nan,nan,2011-09-24 21:23:00
31777,110924,,2345,0009,2358,nan,nan,nan,nan,nan,M,10,G15,1.1E-02,11303,nan,nan,nan,2011-09-24 23:45:00
31777,110925,,0227,0237,0233,nan,nan,nan,nan,nan,M,44,G15,1.4E-02,11302,nan,nan,nan,2011-09-25 02:27:00
31777,110925,,0431,0505,0450,nan,nan,nan,nan,nan,M,74,G15,9.6E-02,11302,nan,nan,nan,2011-09-25 04:31:00
31777,110925,,0846,0852,0849,nan,nan,nan,nan,nan,M,31,G15,5.9E-03,11302,nan,nan,nan,2011-09-25 08:46:00
31777,110925,,0925,0953,0935,nan,nan,nan,nan,nan,M,15,G15,2.1E-02,11303,nan,nan,nan,2011-09-25 09:25:00
31777,110925,,1526,1538,1533,nan,nan,nan,nan,nan,M,37,G15,1.6E-02,11302,nan,nan,nan,2011-09-25 15:26:00
31777,110925,,1651,1709,1658,nan,nan,nan,nan,nan,M,22,G15,1.7E-02,11302,nan,nan,nan,2011-09-25 16:51:00
31777,110926,,0506,0513,0508,nan,nan,nan,nan,nan,M,40,G15,1.4E-02,11302,nan,nan,nan,2011-09-26 05:06:00
31777,110926,,1437,1502,1446,nan,nan,nan,nan,nan,M,26,G15,2.6E-02,11302,nan,nan,nan,2011-09-26 14:37:00
31777,110928,,1324,1330,1328,nan,nan,nan,nan,nan,M,12,G15,2.3E-03,11302,nan,nan,nan,2011-09-28 13:24:00
31777,110930,,1855,1915,1906,nan,nan,nan,nan,nan,M,10,G15,8.1E-03,11305,nan,nan,nan,2011-09-30 18:55:00
31777,111001,,0856,1017,0959,nan,nan,nan,nan,nan,M,12,G15,2.9E-02,11305,nan,nan,nan,2011-10-01 08:56:00
31777,111002,,0037,0059,0050,nan,nan,nan,nan,nan,M,39,G15,2.8E-02,11305,nan,nan,nan,2011-10-02 00:37:00
31777,111002,,1719,1726,1723,nan,nan,nan,nan,nan,M,13,G15,2.8E-03,11302,nan,nan,nan,2011-10-02 17:19:00
31777,111020,,0310,0344,0325,nan,nan,nan,nan,nan,M,16,G15,2.2E-02,nan,nan,nan,nan,2011-10-20 03:10:00
31777,111021,,1253,1308,1300,nan,nan,nan,nan,nan,M,13,G15,7.4E-03,11319,nan,nan,nan,2011-10-21 12:53:00
31777,111022,,1000,1309,1110,nan,nan,nan,nan,nan,M,13,G15,1.1E-01,11314,nan,nan,nan,2011-10-22 10:00:00
31777,111031,,1455,1527,1508,nan,nan,nan,nan,nan,M,11,G15,1.5E-02,nan,nan,nan,nan,2011-10-31 14:55:00
31777,111031,,1721,1850,1808,nan,nan,nan,nan,nan,M,14,G15,5.0E-02,nan,nan,nan,nan,2011-10-31 17:21:00
31777,111102,,2152,2219,2201,nan,nan,nan,nan,nan,M,43,G15,4.5E-02,11339,nan,nan,nan,2011-11-02 21:52:00
31777,111103,,1058,1120,1111,nan,nan,nan,nan,nan,M,25,G15,2.0E-02,11339,nan,nan,nan,2011-11-03 10:58:00
31777,111103,,2016,2032,2027,nan,nan,nan,nan,nan,X,19,G15,1.0E-01,11339,nan,nan,nan,2011-11-03 20:16:00
31777,111103,,2328,2344,2336,nan,nan,nan,nan,nan,M,21,G15,1.4E-02,11339,nan,nan,nan,2011-11-03 23:28:00
31777,111104,,2031,2046,2040,nan,nan,nan,nan,nan,M,10,G15,5.6E-03,11339,nan,nan,nan,2011-11-04 20:31:00
31777,111105,,0308,0358,0335,nan,nan,nan,nan,nan,M,37,G15,8.2E-02,11339,nan,nan,nan,2011-11-05 03:08:00
31777,111105,,1110,1142,1121,nan,nan,nan,nan,nan,M,11,G15,1.7E-02,11339,nan,nan,nan,2011-11-05 11:10:00
31777,111105,,2031,2054,2038,nan,nan,nan,nan,nan,M,18,G15,1.6E-02,11339,nan,nan,nan,2011-11-05 20:31:00
31777,111106,,0046,0124,0103,nan,nan,nan,nan,nan,M,12,G15,1.8E-02,11339,nan,nan,nan,2011-11-06 00:46:00
31777,111106,,0614,0641,0635,nan,nan,nan,nan,nan,M,14,G15,1.0E-02,11339,nan,nan,nan,2011-11-06 06:14:00
31777,111109,,1304,1412,1335,nan,nan,nan,nan,nan,M,11,G15,3.3E-02,11342,nan,nan,nan,2011-11-09 13:04:00
31777,111115,,0903,0923,0912,nan,nan,nan,nan,nan,M,12,G15,1.0E-02,11348,nan,nan,nan,2011-11-15 09:03:00
31777,111115,,1230,1250,1243,nan,nan,nan,nan,nan,M,19,G15,1.2E-02,11346,nan,nan,nan,2011-11-15 12:30:00
31777,111115,,2227,2242,2235,nan,nan,nan,nan,nan,M,11,G15,6.1E-03,11348,nan,nan,nan,2011-11-15 22:27:00
31777,111225,,1811,1820,1816,nan,nan,nan,nan,nan,M,40,G15,1.1E-02,11387,nan,nan,nan,2011-12-25 18:11:00
31777,111226,,0213,0236,0227,nan,nan,nan,nan,nan,M,15,G15,1.2E-02,11387,nan,nan,nan,2011-12-26 02:13:00
31777,111226,,2012,2036,2030,nan,nan,nan,nan,nan,M,23,G15,2.2E-02,11387,nan,nan,nan,2011-12-26 20:12:00
31777,111229,,1340,1401,1350,nan,nan,nan,nan,nan,M,19,G15,1.5E-02,11389,nan,nan,nan,2011-12-29 13:40:00
31777,111229,,2143,2159,2151,nan,nan,nan,nan,nan,M,20,G15,1.2E-02,11389,nan,nan,nan,2011-12-29 21:43:00
31777,111230,,0303,0313,0309,nan,nan,nan,nan,nan,M,12,G15,3.7E-03,11389,nan,nan,nan,2011-12-30 03:03:00
31777,111231,,1309,1319,1315,nan,nan,nan,nan,nan,M,24,G15,7.4E-03,11389,nan,nan,nan,2011-12-31 13:09:00
31777,111231,,1616,1634,1626,nan,nan,nan,nan,nan,M,15,G15,8.5E-03,11389,nan,nan,nan,2011-12-31 16:16:00
31777,120114,,1314,1320,1318,nan,nan,nan,nan,nan,M,14,G15,3.0E-03,nan,nan,nan,nan,2012-01-14 13:14:00
31777,120117,,0441,0507,0453,N,18,E,54,nan,M,10,G15,1.1E-02,11401,120121.3,nan,nan,2012-01-17 04:41:00
31777,120118,,1904,1927,1912,N,17,E,33,nan,M,17,G15,1.5E-02,11401,120121.3,nan,nan,2012-01-18 19:04:00
31777,120119,,1344,1750,1605,N,30,E,30,nan,M,32,G15,2.7E-01,11402,120122.0,nan,nan,2012-01-19 13:44:00
31777,120123,,0338,0434,0359,N,18,W,25,nan,M,87,G15,2.0E-01,11401,120121.2,nan,nan,2012-01-23 03:38:00
31777,120127,,1737,1856,1837,N,27,W,71,nan,X,17,G15,3.2E-01,11402,120122.2,nan,nan,2012-01-27 17:37:00
31777,120206,,1931,2017,2000,N,19,W,60,nan,M,10,G15,1.9E-02,11410,120202.2,nan,nan,2012-02-06 19:31:00
31777,120302,,1729,1807,1746,N,16,E,83,nan,M,33,G15,4.9E-02,nan,120309.0,nan,nan,2012-03-02 17:29:00
31777,120304,,1029,1216,1052,N,19,E,61,nan,M,20,G15,9.2E-02,11429,120309.1,nan,nan,2012-03-04 10:29:00
31777,120305,,0230,0443,0409,N,16,E,54,nan,X,11,G15,3.7E-01,11429,120309.2,nan,nan,2012-03-05 02:30:00
31777,120305,,1910,1921,1916,N,14,E,44,nan,M,21,G15,7.8E-03,11429,120309.1,nan,nan,2012-03-05 19:10:00
31777,120305,,1927,1932,1930,N,14,E,44,nan,M,18,G15,2.7E-03,11429,120309.1,nan,nan,2012-03-05 19:27:00
31777,120305,,2226,2242,2234,nan,nan,nan,nan,nan,M,13,G15,7.3E-03,nan,nan,nan,nan,2012-03-05 22:26:00
31777,120306,,0022,0031,0028,N,16,E,41,nan,M,13,G15,3.7E-03,11429,120309.1,nan,nan,2012-03-06 00:22:00
31777,120306,,0136,0150,0144,nan,nan,nan,nan,nan,M,12,G15,5.9E-03,nan,nan,nan,nan,2012-03-06 01:36:00
31777,120306,,0401,0408,0405,N,16,E,39,nan,M,10,G15,2.6E-03,11429,120309.1,nan,nan,2012-03-06 04:01:00
31777,120306,,0752,0800,0755,N,16,E,39,nan,M,10,G15,2.7E-03,11429,120309.2,nan,nan,2012-03-06 07:52:00
31777,120306,,1223,1254,1241,N,18,E,36,nan,M,21,G15,2.2E-02,11429,120309.2,nan,nan,2012-03-06 12:23:00
31777,120306,,2104,2114,2111,nan,nan,nan,nan,nan,M,13,G15,4.9E-03,nan,nan,nan,nan,2012-03-06 21:04:00
31777,120306,,2249,2311,2253,N,21,E,27,nan,M,10,G15,9.7E-03,11429,120308.0,nan,nan,2012-03-06 22:49:00
31777,120307,,0002,0040,0024,N,17,E,27,nan,X,54,G15,6.7E-01,11429,120309.0,nan,nan,2012-03-07 00:02:00
31777,120307,,0105,0123,0114,N,22,E,12,nan,X,13,G15,1.5E-01,11430,120307.9,nan,nan,2012-03-07 01:05:00
31777,120309,,0322,0418,0353,nan,nan,nan,nan,nan,M,63,G15,1.3E-01,nan,nan,nan,nan,2012-03-09 03:22:00
31777,120310,,1715,1830,1744,nan,nan,nan,nan,nan,M,84,G15,2.6E-01,nan,nan,nan,nan,2012-03-10 17:15:00
31777,120313,,1712,1825,1741,N,19,W,59,nan,M,79,G15,2.4E-01,11429,120309.2,nan,nan,2012-03-13 17:12:00
31777,120314,,1508,1536,1521,N,14,E,05,nan,M,28,G15,2.9E-02,11432,120315.0,nan,nan,2012-03-14 15:08:00
31777,120315,,0723,0808,0752,N,14,W,03,nan,M,18,G15,2.2E-02,11432,120315.1,nan,nan,2012-03-15 07:23:00
31777,120317,,2032,2042,2039,S,20,W,25,nan,M,14,G15,3.6E-03,11434,120315.9,nan,nan,2012-03-17 20:32:00
31777,120323,,1934,1944,1940,nan,nan,nan,nan,nan,M,10,G15,3.0E-03,nan,nan,nan,nan,2012-03-23 19:34:00
31777,120416,,1724,1800,1745,nan,nan,nan,nan,nan,M,17,G15,2.5E-02,nan,nan,nan,nan,2012-04-16 17:24:00
31777,120427,,0815,0829,0824,N,12,W,30,nan,M,10,G15,5.3E-03,11466,120425.0,nan,nan,2012-04-27 08:15:00
31777,120505,,1319,1329,1323,N,09,E,85,nan,M,14,G15,5.5E-03,11476,120511.9,nan,nan,2012-05-05 13:19:00
31777,120505,,2256,2304,2301,N,09,E,75,nan,M,13,G15,3.6E-03,11476,120511.5,nan,nan,2012-05-05 22:56:00
31777,120506,,0112,0120,0118,nan,nan,nan,nan,nan,M,11,G15,2.3E-03,nan,nan,nan,nan,2012-05-06 01:12:00
31777,120506,,1741,1752,1747,N,10,E,64,nan,M,13,G15,4.4E-03,11476,120511.5,nan,nan,2012-05-06 17:41:00
31777,120507,,1403,1452,1431,S,21,W,46,nan,M,19,G15,3.5E-02,11471,120504.0,nan,nan,2012-05-07 14:03:00
31777,120508,,1302,1312,1308,N,14,E,43,nan,M,14,G15,4.5E-03,11476,120511.7,nan,nan,2012-05-08 13:02:00
31777,120509,,1221,1236,1232,N,13,E,31,nan,M,47,G15,1.9E-02,11476,120511.8,nan,nan,2012-05-09 12:21:00
31777,120509,,1402,1414,1408,N,06,E,22,nan,M,18,G15,7.5E-03,11476,120511.2,nan,nan,2012-05-09 14:02:00
31777,120509,,2101,2109,2105,nan,nan,nan,nan,nan,M,41,G15,1.2E-02,nan,nan,nan,nan,2012-05-09 21:01:00
31777,120510,,0411,0423,0418,N,12,E,22,nan,M,57,G15,2.1E-02,11476,120511.8,nan,nan,2012-05-10 04:11:00
31777,120510,,2020,2030,2026,nan,nan,nan,nan,nan,M,17,G15,5.6E-03,nan,nan,nan,nan,2012-05-10 20:20:00
31777,120517,,0125,0214,0147,N,11,W,76,nan,M,51,G15,9.9E-02,11476,120511.3,nan,nan,2012-05-17 01:25:00
31777,120603,,1748,1757,1755,nan,nan,nan,nan,nan,M,33,G15,7.0E-03,nan,nan,nan,nan,2012-06-03 17:48:00
31777,120606,,1954,2013,2006,S,19,W,05,nan,M,21,G15,1.3E-02,11494,120606.4,nan,nan,2012-06-06 19:54:00
31777,120609,,1120,1135,1132,nan,nan,nan,nan,nan,M,19,G15,5.7E-03,nan,nan,nan,nan,2012-06-09 11:20:00
31777,120609,,1645,1656,1653,S,17,E,74,nan,M,18,G15,6.5E-03,11504,120615.3,nan,nan,2012-06-09 16:45:00
31777,120610,,0639,0650,0645,nan,nan,nan,nan,nan,M,13,G15,5.0E-03,nan,nan,nan,nan,2012-06-10 06:39:00
31777,120613,,1129,1431,1317,S,17,E,21,nan,M,12,G15,7.5E-02,11504,120615.1,nan,nan,2012-06-13 11:29:00
31777,120614,,1252,1556,1435,S,17,E,06,nan,M,19,G15,1.2E-01,11504,120615.0,nan,nan,2012-06-14 12:52:00
31777,120628,,1607,1615,1612,N,16,E,45,nan,M,24,G15,4.8E-03,11513,120702.0,nan,nan,2012-06-28 16:07:00
31777,120629,,0913,0922,0920,N,40,E,16,nan,M,22,G15,4.4E-03,11513,120630.6,nan,nan,2012-06-29 09:13:00
31777,120630,,1248,1254,1252,N,17,E,21,nan,M,10,G15,1.7E-03,11513,120702.1,nan,nan,2012-06-30 12:48:00
31777,120630,,1826,1834,1832,nan,nan,nan,nan,nan,M,16,G15,3.3E-03,nan,nan,nan,nan,2012-06-30 18:26:00
31777,120701,,1911,1921,1918,N,14,E,04,nan,M,29,G15,8.5E-03,11513,120702.1,nan,nan,2012-07-01 19:11:00
31777,120702,,0026,0040,0035,S,15,E,05,nan,M,11,G15,4.6E-03,11514,120702.4,nan,nan,2012-07-02 00:26:00
31777,120702,,1043,1057,1052,S,22,E,02,nan,M,56,G15,2.7E-02,11514,120702.5,nan,nan,2012-07-02 10:43:00
31777,120702,,1959,2013,2007,S,17,W,01,nan,M,38,G15,1.8E-02,11515,120702.7,nan,nan,2012-07-02 19:59:00
31777,120702,,2349,0003,2356,N,14,W,12,nan,M,20,G15,1.1E-02,11513,120702.0,nan,nan,2012-07-02 23:49:00
31777,120704,,0428,0445,0437,S,17,W,18,nan,M,23,G15,1.6E-02,11515,120702.8,nan,nan,2012-07-04 04:28:00
31777,120704,,0947,0957,0955,S,20,W,18,nan,M,53,G15,1.4E-02,11515,120703.0,nan,nan,2012-07-04 09:47:00
31777,120704,,1207,1232,1224,S,20,W,18,nan,M,23,G15,2.0E-02,11515,120703.0,nan,nan,2012-07-04 12:07:00
31777,120704,,1435,1442,1440,S,18,W,18,nan,M,13,G15,2.7E-03,11515,120703.2,nan,nan,2012-07-04 14:35:00
31777,120704,,1633,1648,1639,N,12,W,35,nan,M,18,G15,1.2E-02,11513,120702.0,nan,nan,2012-07-04 16:33:00
31777,120704,,2203,2215,2209,nan,nan,nan,nan,nan,M,46,G15,2.0E-02,nan,nan,nan,nan,2012-07-04 22:03:00
31777,120704,,2347,0002,2355,nan,nan,nan,nan,nan,M,12,G15,8.1E-03,nan,nan,nan,nan,2012-07-04 23:47:00
31777,120705,,0105,0115,0110,S,18,W,26,nan,M,24,G15,9.0E-03,11515,120703.0,nan,nan,2012-07-05 01:05:00
31777,120705,,0235,0247,0242,nan,nan,nan,nan,nan,M,22,G15,9.7E-03,nan,nan,nan,nan,2012-07-05 02:35:00
31777,120705,,0325,0339,0336,nan,nan,nan,nan,nan,M,47,G15,1.4E-02,nan,nan,nan,nan,2012-07-05 03:25:00
31777,120705,,0649,0705,0658,S,18,W,39,nan,M,11,G15,8.5E-03,11514,120702.3,nan,nan,2012-07-05 06:49:00
31777,120705,,0740,0748,0745,S,18,W,39,nan,M,13,G15,3.8E-03,11514,120702.3,nan,nan,2012-07-05 07:40:00
31777,120705,,1044,1050,1048,S,19,W,30,nan,M,18,G15,3.2E-03,11515,120703.1,nan,nan,2012-07-05 10:44:00
31777,120705,,1139,1149,1144,S,20,W,32,nan,M,62,G15,1.8E-02,11515,120703.0,nan,nan,2012-07-05 11:39:00
31777,120705,,1305,1332,1318,S,17,W,41,nan,M,12,G15,1.5E-02,11514,120702.4,nan,nan,2012-07-05 13:05:00
31777,120705,,2009,2028,2014,S,18,W,38,nan,M,16,G15,1.3E-02,11515,120702.9,nan,nan,2012-07-05 20:09:00
31777,120705,,2137,2151,2145,S,12,W,46,nan,M,16,G15,8.6E-03,11514,120702.4,nan,nan,2012-07-05 21:37:00
31777,120706,,0137,0142,0140,S,18,W,41,nan,M,29,G15,4.1E-03,11515,120702.9,nan,nan,2012-07-06 01:37:00
31777,120706,,0244,0258,0251,S,11,W,50,nan,M,10,G15,6.7E-03,11514,120702.3,nan,nan,2012-07-06 02:44:00
31777,120706,,0817,0827,0823,N,14,W,42,nan,M,15,G15,5.3E-03,11516,120703.1,nan,nan,2012-07-06 08:17:00
31777,120706,,1024,1032,1029,S,17,W,42,nan,M,18,G15,5.2E-03,11515,120703.2,nan,nan,2012-07-06 10:24:00
31777,120706,,1326,1332,1330,N,12,W,57,nan,M,12,G15,2.1E-03,11513,120702.2,nan,nan,2012-07-06 13:26:00
31777,120706,,1848,1905,1855,S,18,W,51,nan,M,13,G15,8.3E-03,11515,120702.9,nan,nan,2012-07-06 18:48:00
31777,120706,,2301,2314,2308,nan,nan,nan,nan,nan,X,11,G15,4.3E-02,nan,nan,nan,nan,2012-07-06 23:01:00
31777,120707,,0310,0323,0315,S,17,W,51,nan,M,12,G15,6.7E-03,11515,120703.2,nan,nan,2012-07-07 03:10:00
31777,120707,,0818,0839,0828,nan,nan,nan,nan,nan,M,10,G15,9.6E-03,nan,nan,nan,nan,2012-07-07 08:18:00
31777,120707,,1057,1107,1103,S,19,W,58,nan,M,26,G15,8.3E-03,11515,120703.0,nan,nan,2012-07-07 10:57:00
31777,120708,,0541,0552,0546,S,17,W,65,nan,M,13,G15,6.0E-03,11515,120703.2,nan,nan,2012-07-08 05:41:00
31777,120708,,0944,0957,0953,S,17,E,71,nan,M,11,G15,4.4E-03,11520,120713.8,nan,nan,2012-07-08 09:44:00
31777,120708,,1206,1213,1210,S,21,W,69,nan,M,14,G15,3.3E-03,11515,120703.2,nan,nan,2012-07-08 12:06:00
31777,120708,,1623,1642,1632,S,14,W,83,nan,M,69,G15,4.5E-02,11514,120702.4,nan,nan,2012-07-08 16:23:00
31777,120709,,2303,2311,2307,nan,nan,nan,nan,nan,M,11,G15,2.8E-03,nan,nan,nan,nan,2012-07-09 23:03:00
31777,120710,,0458,0531,0514,S,16,E,34,nan,M,17,G15,2.4E-02,11520,120712.8,nan,nan,2012-07-10 04:58:00
31777,120710,,0605,0647,0627,S,17,E,30,nan,M,21,G15,3.3E-02,11520,120712.5,nan,nan,2012-07-10 06:05:00
31777,120712,,1537,1730,1649,N,13,W,15,nan,X,14,G15,4.6E-01,11522,120711.5,nan,nan,2012-07-12 15:37:00
31777,120714,,0451,0505,0458,S,22,W,36,nan,M,10,G15,6.1E-03,11521,120711.4,nan,nan,2012-07-14 04:51:00
31777,120717,,1203,1904,1715,S,23,W,61,nan,M,17,G15,2.1E-01,11520,120712.9,nan,nan,2012-07-17 12:03:00
31777,120719,,0417,0656,0558,nan,nan,nan,nan,nan,M,77,G15,3.6E-01,nan,nan,nan,nan,2012-07-19 04:17:00
31777,120727,,1717,1732,1726,S,22,E,71,nan,M,28,G15,1.6E-02,11532,120802.1,nan,nan,2012-07-27 17:17:00
31777,120728,,2044,2104,2056,S,25,E,54,nan,M,61,G15,4.0E-02,11532,120802.0,nan,nan,2012-07-28 20:44:00
31777,120729,,0615,0629,0622,S,22,E,49,nan,M,23,G15,1.2E-02,11532,120802.0,nan,nan,2012-07-29 06:15:00
31777,120730,,1539,1553,1548,S,22,E,28,nan,M,11,G15,5.2E-03,11532,120801.8,nan,nan,2012-07-30 15:39:00
31777,120731,,1046,1226,1130,S,23,E,85,nan,M,57,G15,2.0E-02,nan,120807.0,nan,nan,2012-07-31 10:46:00
31777,120806,,0433,0441,0438,nan,nan,nan,nan,nan,M,16,G15,4.1E-03,nan,nan,nan,nan,2012-08-06 04:33:00
31777,120811,,1155,1257,1220,S,25,W,30,nan,M,10,G15,2.5E-02,11544,120809.2,nan,nan,2012-08-11 11:55:00
31777,120817,,1312,1323,1319,nan,nan,nan,nan,nan,M,24,G15,6.9E-03,nan,nan,nan,nan,2012-08-17 13:12:00
31777,120817,,1708,1727,1720,nan,nan,nan,nan,nan,M,10,G15,6.1E-03,nan,nan,nan,nan,2012-08-17 17:08:00
31777,120818,,0024,0107,0102,N,21,W,65,nan,M,55,G15,2.9E-02,11543,120813.0,nan,nan,2012-08-18 00:24:00
31777,120818,,0317,0330,0323,N,19,E,86,nan,M,19,G15,8.1E-03,nan,120824.7,nan,nan,2012-08-18 03:17:00
31777,120818,,1602,1609,1607,N,22,E,80,nan,M,20,G15,3.8E-03,11548,120824.8,nan,nan,2012-08-18 16:02:00
31777,120818,,2246,2300,2254,N,19,E,78,nan,M,10,G15,5.1E-03,11548,120824.9,nan,nan,2012-08-18 22:46:00
31777,120818,,2315,2332,2322,N,19,E,76,nan,M,13,G15,9.2E-03,11548,120824.7,nan,nan,2012-08-18 23:15:00
31777,120830,,1202,1214,1211,nan,nan,nan,nan,nan,M,13,G15,3.9E-03,nan,nan,nan,nan,2012-08-30 12:02:00
31777,120906,,0406,0420,0413,nan,nan,nan,nan,nan,M,16,G15,7.5E-03,nan,nan,nan,nan,2012-09-06 04:06:00
31777,120908,,1735,1820,1759,nan,nan,nan,nan,nan,M,14,G15,2.8E-02,nan,nan,nan,nan,2012-09-08 17:35:00
31777,120909,,2150,2256,2236,S,15,W,52,nan,M,12,G15,3.6E-02,11564,120906.0,nan,nan,2012-09-09 21:50:00
31777,120930,,0427,0442,0433,nan,nan,nan,nan,nan,M,13,G15,6.9E-03,nan,nan,nan,nan,2012-09-30 04:27:00
31777,121008,,1105,1123,1117,nan,nan,nan,nan,nan,M,23,G15,1.1E-02,nan,nan,nan,nan,2012-10-08 11:05:00
31777,121009,,2322,2335,2331,nan,nan,nan,nan,nan,M,17,G15,6.4E-03,nan,nan,nan,nan,2012-10-09 23:22:00
31777,121010,,0451,0520,0504,nan,nan,nan,nan,nan,M,10,G15,1.3E-02,nan,nan,nan,nan,2012-10-10 04:51:00
31777,121020,,1805,1819,1814,nan,nan,nan,nan,nan,M,90,G15,3.5E-02,nan,nan,nan,nan,2012-10-20 18:05:00
31777,121021,,1946,2020,2003,S,10,E,76,nan,M,13,G15,1.4E-02,11598,121027.5,nan,nan,2012-10-21 19:46:00
31777,121022,,1838,1901,1851,S,12,E,61,nan,M,50,G15,3.7E-02,11598,121027.3,nan,nan,2012-10-22 18:38:00
31777,121023,,0313,0321,0317,nan,nan,nan,nan,nan,X,18,G15,4.9E-02,nan,nan,nan,nan,2012-10-23 03:13:00
31777,121120,,1236,1246,1241,nan,nan,nan,nan,nan,M,17,G15,6.3E-03,nan,nan,nan,nan,2012-11-20 12:36:00
31777,121120,,1921,1932,1928,N,07,E,15,nan,M,16,G15,5.2E-03,11618,121121.9,nan,nan,2012-11-20 19:21:00
31777,121121,,0645,0708,0656,N,06,E,10,nan,M,14,G15,1.2E-02,11618,121122.0,nan,nan,2012-11-21 06:45:00
31777,121121,,1510,1538,1530,nan,nan,nan,nan,nan,M,35,G15,2.6E-02,nan,nan,nan,nan,2012-11-21 15:10:00
31777,121127,,1552,1603,1557,N,05,W,73,nan,M,16,G15,5.8E-03,11618,121122.2,nan,nan,2012-11-27 15:52:00
31777,121127,,2105,2130,2126,S,14,W,41,nan,M,10,G15,5.4E-03,11620,121124.7,nan,nan,2012-11-27 21:05:00
31777,121128,,2120,2148,2136,S,14,W,57,nan,M,22,G15,1.9E-02,11620,121124.5,nan,nan,2012-11-28 21:20:00
31777,130105,,0926,0934,0931,nan,nan,nan,nan,nan,M,18,G15,4.2E-03,nan,nan,nan,nan,2013-01-05 09:26:00
31777,130111,,0843,0917,0911,nan,nan,nan,nan,nan,M,12,G15,9.3E-03,nan,nan,nan,nan,2013-01-11 08:43:00
31777,130111,,1451,1524,1507,N,07,E,38,nan,M,10,G15,1.4E-02,11654,130114.4,nan,nan,2013-01-11 14:51:00
31777,130113,,0045,0052,0050,nan,nan,nan,nan,nan,M,10,G15,1.9E-03,nan,nan,nan,nan,2013-01-13 00:45:00
31777,130113,,0835,0840,0838,nan,nan,nan,nan,nan,M,17,G15,2.0E-03,nan,nan,nan,nan,2013-01-13 08:35:00
31777,130217,,1545,1552,1550,N,12,E,22,nan,M,19,G15,2.9E-03,11675,130219.3,nan,nan,2013-02-17 15:45:00
31777,130305,,0747,0759,0754,S,15,W,54,nan,M,12,G15,4.3E-03,11686,130301.2,nan,nan,2013-03-05 07:47:00
31777,130315,,0546,0835,0658,N,07,E,07,nan,M,11,G15,7.3E-02,11692,130315.8,nan,nan,2013-03-15 05:46:00
31777,130321,,2142,2236,2204,nan,nan,nan,nan,nan,M,16,G15,3.3E-02,nan,nan,nan,nan,2013-03-21 21:42:00
31777,130405,,1734,1804,1748,nan,nan,nan,nan,nan,M,22,G15,2.6E-02,nan,nan,nan,nan,2013-04-05 17:34:00
31777,130411,,0655,0729,0716,N,09,E,12,nan,M,65,G15,7.4E-02,11719,130412.1,nan,nan,2013-04-11 06:55:00
31777,130412,,1952,2046,2038,nan,nan,nan,nan,nan,M,33,G15,2.4E-02,nan,nan,nan,nan,2013-04-12 19:52:00
31777,130422,,1022,1031,1029,nan,nan,nan,nan,nan,M,10,G15,2.3E-03,nan,nan,nan,nan,2013-04-22 10:22:00
31777,130502,,0458,0519,0510,N,10,W,15,nan,M,11,G15,8.9E-03,11731,130501.0,nan,nan,2013-05-02 04:58:00
31777,130503,,1639,1722,1655,N,10,W,38,nan,M,13,G15,2.5E-02,11731,130430.8,nan,nan,2013-05-03 16:39:00
31777,130503,,1724,1741,1732,N,16,E,81,nan,M,57,G15,4.1E-02,nan,130509.8,nan,nan,2013-05-03 17:24:00
31777,130505,,1742,1758,1756,S,16,W,09,nan,M,14,G15,3.0E-03,11734,130505.0,nan,nan,2013-05-05 17:42:00
31777,130510,,0044,0108,0057,nan,nan,nan,nan,nan,M,39,G15,3.6E-02,nan,nan,nan,nan,2013-05-10 00:44:00
31777,130510,,1237,1304,1256,nan,nan,nan,nan,nan,M,13,G15,1.3E-02,nan,nan,nan,nan,2013-05-10 12:37:00
31777,130512,,2017,2103,2032,nan,nan,nan,nan,nan,M,19,G15,3.7E-02,nan,nan,nan,nan,2013-05-12 20:17:00
31777,130512,,2237,2252,2244,nan,nan,nan,nan,nan,M,12,G15,7.6E-03,nan,nan,nan,nan,2013-05-12 22:37:00
31777,130513,,0153,0232,0217,nan,nan,nan,nan,nan,X,17,G15,2.3E-01,nan,nan,nan,nan,2013-05-13 01:53:00
31777,130513,,1157,1209,1203,nan,nan,nan,nan,nan,M,13,G15,5.9E-03,nan,nan,nan,nan,2013-05-13 11:57:00
31777,130513,,1548,1616,1605,N,14,E,83,nan,X,28,G15,2.3E-01,nan,130519.9,nan,nan,2013-05-13 15:48:00
31777,130514,,0000,0120,0111,nan,nan,nan,nan,nan,X,32,G15,2.2E-01,nan,nan,nan,nan,2013-05-14 00:00:00
31777,130515,,0125,0158,0148,N,12,E,64,nan,X,12,G15,1.2E-01,11748,130519.8,nan,nan,2013-05-15 01:25:00
31777,130516,,2136,2203,2153,N,13,E,41,nan,M,13,G15,1.2E-02,11748,130520.0,nan,nan,2013-05-16 21:36:00
31777,130517,,0843,0919,0857,N,12,E,57,nan,M,32,G15,4.4E-02,11748,130521.6,nan,nan,2013-05-17 08:43:00
31777,130520,,0516,0603,0525,nan,nan,nan,nan,nan,M,17,G15,3.3E-02,nan,nan,nan,nan,2013-05-20 05:16:00
31777,130522,,1308,1408,1332,S,18,W,15,nan,M,50,G15,1.4E-01,11747,130521.4,nan,nan,2013-05-22 13:08:00
31777,130531,,1952,2006,2000,N,13,E,43,nan,M,10,G15,5.0E-03,11760,130604.0,nan,nan,2013-05-31 19:52:00
31777,130605,,0814,0926,0857,S,32,W,51,nan,M,13,G15,3.4E-02,11762,130601.3,nan,nan,2013-06-05 08:14:00
31777,130607,,2211,2304,2249,nan,nan,nan,nan,nan,M,59,G15,6.8E-02,nan,nan,nan,nan,2013-06-07 22:11:00
31777,130621,,0230,0343,0314,S,16,E,73,nan,M,29,G15,6.9E-02,11777,130626.6,nan,nan,2013-06-21 02:30:00
31777,130623,,2048,2059,2056,S,15,E,62,nan,M,29,G15,9.5E-03,11778,130628.5,nan,nan,2013-06-23 20:48:00
31777,130703,,0700,0718,0708,S,11,E,82,nan,M,15,G15,9.3E-03,nan,130709.4,nan,nan,2013-07-03 07:00:00
31777,130812,,1021,1047,1041,S,17,E,19,nan,M,15,G15,9.6E-03,11817,130813.8,nan,nan,2013-08-12 10:21:00
31777,130817,,1816,1835,1824,S,07,W,30,nan,M,33,G15,2.1E-02,11818,130815.5,nan,nan,2013-08-17 18:16:00
31777,130817,,1849,1954,1933,S,07,W,30,nan,M,14,G15,4.6E-02,11818,130815.5,nan,nan,2013-08-17 18:49:00
31777,131009,,0123,0156,0148,nan,nan,nan,nan,nan,M,28,G15,2.5E-02,nan,nan,nan,nan,2013-10-09 01:23:00
31777,131011,,0701,0745,0725,S,21,E,44,nan,M,15,G15,2.5E-02,11865,131014.6,nan,nan,2013-10-11 07:01:00
31777,131013,,0012,0105,0043,S,22,E,17,nan,M,17,G15,3.1E-02,11865,131014.3,nan,nan,2013-10-13 00:12:00
31777,131015,,0826,0848,0838,S,22,W,13,nan,M,18,G15,5.6E-04,11865,131014.3,nan,nan,2013-10-15 08:26:00
31777,131015,,2331,2341,2336,S,23,W,20,nan,M,13,G15,4.0E-03,11865,131014.4,nan,nan,2013-10-15 23:31:00
31777,131017,,1509,1558,1541,nan,nan,nan,nan,nan,M,12,G15,2.5E-02,nan,nan,nan,nan,2013-10-17 15:09:00
31777,131022,,0014,0028,0022,N,06,E,17,nan,M,10,G15,5.3E-03,11875,131023.2,nan,nan,2013-10-22 00:14:00
31777,131022,,1449,1528,1520,N,07,E,07,nan,M,10,G15,1.5E-02,11875,131023.1,nan,nan,2013-10-22 14:49:00
31777,131022,,2115,2122,2120,N,04,W,01,nan,M,42,G15,7.5E-03,11875,131022.8,nan,nan,2013-10-22 21:15:00
31777,131023,,2041,2059,2053,nan,nan,nan,nan,nan,M,27,G15,1.7E-02,nan,nan,nan,nan,2013-10-23 20:41:00
31777,131023,,2333,2347,2343,nan,nan,nan,nan,nan,M,14,G15,5.9E-03,nan,nan,nan,nan,2013-10-23 23:33:00
31777,131023,,2358,0016,0008,nan,nan,nan,nan,nan,M,31,G15,2.3E-02,nan,nan,nan,nan,2013-10-23 23:58:00
31777,131024,,0021,0035,0030,S,10,E,08,nan,M,93,G15,4.8E-02,11877,131024.6,nan,nan,2013-10-24 00:21:00
31777,131024,,0959,1017,1009,N,06,W,14,nan,M,25,G15,1.7E-02,11875,131023.3,nan,nan,2013-10-24 09:59:00
31777,131024,,1030,1037,1033,S,07,E,05,nan,M,35,G15,8.0E-03,11877,131024.8,nan,nan,2013-10-24 10:30:00
31777,131025,,0248,0312,0302,nan,nan,nan,nan,nan,M,29,G15,2.5E-02,nan,nan,nan,nan,2013-10-25 02:48:00
31777,131025,,0753,0809,0801,nan,nan,nan,nan,nan,X,17,G15,9.0E-02,nan,nan,nan,nan,2013-10-25 07:53:00
31777,131025,,0943,1025,1012,S,03,E,68,nan,M,10,G15,2.1E-02,11882,131030.4,nan,nan,2013-10-25 09:43:00
31777,131025,,1451,1512,1503,nan,nan,nan,nan,nan,X,21,G15,1.6E-01,nan,nan,nan,nan,2013-10-25 14:51:00
31777,131025,,1702,1716,1709,nan,nan,nan,nan,nan,M,13,G15,8.0E-03,nan,nan,nan,nan,2013-10-25 17:02:00
31777,131025,,1905,1924,1921,S,06,E,66,nan,M,23,G15,9.1E-03,11882,131030.7,nan,nan,2013-10-25 19:05:00
31777,131025,,2054,2113,2058,S,07,E,64,nan,M,19,G15,1.6E-02,11882,131030.6,nan,nan,2013-10-25 20:54:00
31777,131026,,0559,0620,0606,S,09,E,61,nan,M,23,G15,1.9E-02,11882,131030.8,nan,nan,2013-10-26 05:59:00
31777,131026,,0917,0948,0937,nan,nan,nan,nan,nan,M,15,G15,1.7E-02,nan,nan,nan,nan,2013-10-26 09:17:00
31777,131026,,1048,1134,1117,S,05,E,58,nan,M,18,G15,3.6E-02,11882,131030.8,nan,nan,2013-10-26 10:48:00
31777,131026,,1924,1930,1927,S,09,E,81,nan,M,31,G15,9.8E-03,11884,131101.8,nan,nan,2013-10-26 19:24:00
31777,131026,,1949,1958,1953,S,07,E,53,nan,M,10,G15,4.1E-03,11882,131030.7,nan,nan,2013-10-26 19:49:00
31777,131027,,1236,1252,1248,S,09,E,71,nan,M,35,G15,1.6E-02,11884,131101.8,nan,nan,2013-10-27 12:36:00
31777,131028,,0141,0212,0203,N,04,W,66,nan,X,10,G15,8.4E-02,11875,131023.1,nan,nan,2013-10-28 01:41:00
31777,131028,,0432,0446,0441,S,11,W,46,nan,M,51,G15,2.1E-02,11877,131024.7,nan,nan,2013-10-28 04:32:00
31777,131028,,1132,1239,1153,N,06,W,75,nan,M,14,G15,4.0E-02,11875,131022.8,nan,nan,2013-10-28 11:32:00
31777,131028,,1400,1412,1405,N,06,W,75,nan,M,28,G15,1.4E-02,11875,131022.9,nan,nan,2013-10-28 14:00:00
31777,131028,,1446,1504,1501,S,08,E,28,nan,M,27,G15,9.8E-03,11882,131030.7,nan,nan,2013-10-28 14:46:00
31777,131028,,1507,1521,1515,S,08,E,28,nan,M,44,G15,2.6E-02,11882,131030.7,nan,nan,2013-10-28 15:07:00
31777,131028,,2048,2102,2057,nan,nan,nan,nan,nan,M,15,G15,6.8E-03,nan,nan,nan,nan,2013-10-28 20:48:00
31777,131029,,2142,2201,2154,nan,nan,nan,nan,nan,X,23,G15,1.4E-01,nan,nan,nan,nan,2013-10-29 21:42:00
31777,131031,,1336,1402,1351,nan,nan,nan,nan,nan,M,19,G15,1.9E-02,nan,nan,nan,nan,2013-10-31 13:36:00
31777,131101,,1946,1958,1953,S,11,E,01,nan,M,63,G15,2.3E-02,11884,131101.9,nan,nan,2013-11-01 19:46:00
31777,131102,,2213,2225,2221,S,11,W,11,nan,M,16,G15,6.4E-03,11884,131102.1,nan,nan,2013-11-02 22:13:00
31777,131103,,0516,0526,0522,S,12,W,16,nan,M,49,G15,1.3E-02,11884,131102.0,nan,nan,2013-11-03 05:16:00
31777,131105,,0812,0821,0818,S,17,E,48,nan,M,25,G15,5.4E-03,11890,131108.9,nan,nan,2013-11-05 08:12:00
31777,131105,,1808,1817,1813,nan,nan,nan,nan,nan,M,10,G15,3.3E-03,nan,nan,nan,nan,2013-11-05 18:08:00
31777,131105,,2207,2215,2212,S,13,E,44,nan,X,33,G15,6.6E-02,11890,131109.2,nan,nan,2013-11-05 22:07:00
31777,131106,,1339,1353,1346,S,13,E,36,nan,M,38,G15,1.9E-02,11890,131109.2,nan,nan,2013-11-06 13:39:00
31777,131106,,2344,0014,0002,nan,nan,nan,nan,nan,M,18,G15,2.1E-02,nan,nan,nan,nan,2013-11-06 23:44:00
31777,131107,,0334,0343,0340,S,14,E,28,nan,M,23,G15,5.6E-03,11890,131109.2,nan,nan,2013-11-07 03:34:00
31777,131107,,1415,1431,1425,S,14,E,23,nan,M,24,G15,1.2E-02,11890,131109.3,nan,nan,2013-11-07 14:15:00
31777,131108,,0420,0429,0426,S,14,E,15,nan,X,11,G15,2.8E-02,11890,131109.3,nan,nan,2013-11-08 04:20:00
31777,131108,,0922,0931,0928,S,17,W,28,nan,M,23,G15,4.9E-03,11891,131106.2,nan,nan,2013-11-08 09:22:00
31777,131110,,0508,0518,0514,S,14,W,13,nan,X,11,G15,3.5E-02,11890,131109.2,nan,nan,2013-11-10 05:08:00
31777,131111,,1101,1130,1118,nan,nan,nan,nan,nan,M,24,G15,3.0E-02,nan,nan,nan,nan,2013-11-11 11:01:00
31777,131113,,1457,1541,1520,nan,nan,nan,nan,nan,M,14,G15,2.1E-02,nan,nan,nan,nan,2013-11-13 14:57:00
31777,131115,,0220,0233,0229,N,07,E,52,nan,M,10,G15,4.5E-03,11899,131118.9,nan,nan,2013-11-15 02:20:00
31777,131116,,0447,0457,0453,nan,nan,nan,nan,nan,M,12,G15,4.2E-03,nan,nan,nan,nan,2013-11-16 04:47:00
31777,131116,,0745,0753,0749,S,19,W,29,nan,M,16,G15,4.4E-03,11900,131114.1,nan,nan,2013-11-16 07:45:00
31777,131117,,0506,0513,0510,S,20,W,42,nan,M,10,G15,2.4E-03,11900,131114.0,nan,nan,2013-11-17 05:06:00
31777,131119,,1014,1034,1026,S,70,W,14,nan,X,10,G15,6.6E-02,11983,131118.1,nan,nan,2013-11-19 10:14:00
31777,131121,,1052,1142,1111,nan,nan,nan,nan,nan,M,12,G15,2.5E-02,nan,nan,nan,nan,2013-11-21 10:52:00
31777,131123,,0220,0249,0232,N,14,W,56,nan,M,11,G15,1.4E-02,11899,131118.8,nan,nan,2013-11-23 02:20:00
31777,131123,,1249,1305,1257,N,11,W,60,nan,M,10,G15,6.8E-03,11899,131119.0,nan,nan,2013-11-23 12:49:00
31777,131207,,0717,0749,0729,S,16,W,49,nan,M,12,G15,1.7E-02,11909,131203.5,nan,nan,2013-12-07 07:17:00
31777,131219,,2306,2326,2319,nan,nan,nan,nan,nan,M,35,G15,2.1E-02,nan,nan,nan,nan,2013-12-19 23:06:00
31777,131220,,1135,1207,1157,nan,nan,nan,nan,nan,M,16,G15,1.9E-02,nan,nan,nan,nan,2013-12-20 11:35:00
31777,131222,,0805,0818,0811,S,17,W,51,nan,M,19,G15,8.4E-03,11928,131218.4,nan,nan,2013-12-22 08:05:00
31777,131222,,0833,0841,0837,S,17,W,52,nan,M,11,G15,3.6E-03,11928,131218.4,nan,nan,2013-12-22 08:33:00
31777,131222,,1424,1448,1438,S,19,W,56,nan,M,16,G15,1.5E-02,11928,131218.3,nan,nan,2013-12-22 14:24:00
31777,131222,,1506,1519,1512,S,19,W,56,nan,M,33,G15,1.6E-02,11928,131218.3,nan,nan,2013-12-22 15:06:00
31777,131222,,2123,2213,2208,S,17,W,59,nan,M,16,G15,1.4E-02,11928,131218.4,nan,nan,2013-12-22 21:23:00
31777,131222,,2344,0005,0003,nan,nan,nan,nan,nan,M,13,G15,5.8E-03,nan,nan,nan,nan,2013-12-22 23:44:00
31777,131223,,0859,0909,0906,S,18,W,64,nan,M,16,G15,4.5E-03,11928,131218.5,nan,nan,2013-12-23 08:59:00
31777,131229,,0749,0800,0756,S,17,W,00,nan,M,31,G15,1.1E-02,11936,131229.3,nan,nan,2013-12-29 07:49:00
31777,131231,,2145,2220,2158,S,16,W,35,nan,M,64,G15,9.1E-02,11936,131229.2,nan,nan,2013-12-31 21:45:00
31777,140101,,1840,1903,1852,S,14,W,47,nan,M,99,G15,8.2E-02,11936,131229.2,nan,nan,2014-01-01 18:40:00
31777,140102,,0224,0256,0233,S,05,E,76,nan,M,17,G15,2.7E-02,11944,140107.7,nan,nan,2014-01-02 02:24:00
31777,140102,,2212,2222,2218,S,05,E,72,nan,M,12,G15,4.3E-03,11944,140108.3,nan,nan,2014-01-02 22:12:00
31777,140103,,1241,1254,1250,nan,nan,nan,nan,nan,M,10,G15,5.1E-03,nan,nan,nan,nan,2014-01-03 12:41:00
31777,140103,,2109,2119,2114,S,06,E,56,nan,M,11,G15,4.0E-03,11944,140108.0,nan,nan,2014-01-03 21:09:00
31777,140104,,1016,1041,1025,S,04,E,48,nan,M,13,G15,1.4E-02,11944,140108.0,nan,nan,2014-01-04 10:16:00
31777,140104,,1847,2023,1946,nan,nan,nan,nan,nan,M,40,G15,1.4E-01,nan,nan,nan,nan,2014-01-04 18:47:00
31777,140104,,2212,2322,2252,S,06,E,39,nan,M,19,G15,5.9E-02,11944,140107.8,nan,nan,2014-01-04 22:12:00
31777,140107,,0349,0356,0353,N,07,E,08,nan,M,10,G15,2.7E-03,11946,140107.7,nan,nan,2014-01-07 03:49:00
31777,140107,,1007,1037,1013,S,13,E,11,nan,M,72,G15,9.2E-02,11944,140108.2,nan,nan,2014-01-07 10:07:00
31777,140107,,1804,1858,1832,nan,nan,nan,nan,nan,X,12,G15,2.5E-01,nan,nan,nan,nan,2014-01-07 18:04:00
31777,140108,,0339,0354,0347,N,11,W,81,nan,M,36,G15,1.7E-02,11947,140102.0,nan,nan,2014-01-08 03:39:00
31777,140113,,2148,2153,2151,S,07,W,11,nan,M,13,G15,1.8E-03,11944,140113.0,nan,nan,2014-01-13 21:48:00
31777,140127,,0105,0139,0122,nan,nan,nan,nan,nan,M,10,G15,1.5E-02,nan,nan,nan,nan,2014-01-27 01:05:00
31777,140127,,0202,0218,0211,nan,nan,nan,nan,nan,M,11,G15,8.0E-03,nan,nan,nan,nan,2014-01-27 02:02:00
31777,140127,,2205,2215,2210,nan,nan,nan,nan,nan,M,49,G15,1.6E-02,nan,nan,nan,nan,2014-01-27 22:05:00
31777,140128,,0402,0413,0409,nan,nan,nan,nan,nan,M,15,G15,5.6E-03,nan,nan,nan,nan,2014-01-28 04:02:00
31777,140128,,0725,0734,0731,nan,nan,nan,nan,nan,M,36,G15,8.0E-03,nan,nan,nan,nan,2014-01-28 07:25:00
31777,140128,,1134,1141,1138,nan,nan,nan,nan,nan,M,14,G15,3.1E-03,nan,nan,nan,nan,2014-01-28 11:34:00
31777,140128,,1233,1250,1246,nan,nan,nan,nan,nan,M,13,G15,8.9E-03,nan,nan,nan,nan,2014-01-28 12:33:00
31777,140128,,1524,1528,1526,S,12,E,68,nan,M,35,G15,5.1E-03,11967,140202.7,nan,nan,2014-01-28 15:24:00
31777,140128,,1900,1946,1940,S,14,E,76,nan,M,49,G15,3.1E-02,11967,140203.5,nan,nan,2014-01-28 19:00:00
31777,140128,,2204,2220,2216,S,14,E,75,nan,M,26,G15,1.2E-02,11967,140203.5,nan,nan,2014-01-28 22:04:00
31777,140130,,0633,0644,0639,S,15,E,54,nan,M,21,G15,7.7E-03,11967,140203.3,nan,nan,2014-01-30 06:33:00
31777,140130,,0754,0841,0811,S,12,E,52,nan,M,11,G15,2.5E-02,11967,140203.2,nan,nan,2014-01-30 07:54:00
31777,140130,,1548,1628,1611,S,13,E,58,nan,M,66,G15,9.7E-02,11967,140204.0,nan,nan,2014-01-30 15:48:00
31777,140131,,1532,1553,1542,nan,nan,nan,nan,nan,M,11,G15,9.3E-03,nan,nan,nan,nan,2014-01-31 15:32:00
31777,140201,,0119,0138,0125,S,11,E,26,nan,M,10,G15,7.7E-03,11967,140203.0,nan,nan,2014-02-01 01:19:00
31777,140201,,0714,0736,0723,S,11,E,23,nan,M,30,G15,2.5E-02,11967,140203.0,nan,nan,2014-02-01 07:14:00
31777,140202,,0624,0637,0634,N,12,E,18,nan,M,26,G15,9.4E-03,11968,140203.6,nan,nan,2014-02-02 06:24:00
31777,140202,,0717,0829,0820,S,10,E,14,nan,M,22,G15,4.3E-02,11967,140203.3,nan,nan,2014-02-02 07:17:00
31777,140202,,0924,0936,0931,S,11,E,13,nan,M,44,G15,2.0E-02,11967,140203.3,nan,nan,2014-02-02 09:24:00
31777,140202,,1401,1409,1406,nan,nan,nan,nan,nan,M,13,G15,3.4E-03,nan,nan,nan,nan,2014-02-02 14:01:00
31777,140202,,1624,1636,1629,nan,nan,nan,nan,nan,M,10,G15,5.0E-03,nan,nan,nan,nan,2014-02-02 16:24:00
31777,140202,,1805,1818,1811,nan,nan,nan,nan,nan,M,31,G15,1.4E-02,nan,nan,nan,nan,2014-02-02 18:05:00
31777,140202,,2124,2214,2204,nan,nan,nan,nan,nan,M,13,G15,2.8E-02,nan,nan,nan,nan,2014-02-02 21:24:00
31777,140204,,0116,0131,0123,N,09,W,13,nan,M,38,G15,2.5E-02,11968,140203.0,nan,nan,2014-02-04 01:16:00
31777,140204,,0357,0406,0400,S,14,W,06,nan,M,52,G15,1.8E-02,11967,140203.7,nan,nan,2014-02-04 03:57:00
31777,140204,,0938,0958,0949,S,12,W,12,nan,M,14,G15,1.3E-02,11967,140203.4,nan,nan,2014-02-04 09:38:00
31777,140204,,1525,1649,1602,S,12,W,12,nan,M,15,G15,5.8E-02,11967,140203.7,nan,nan,2014-02-04 15:25:00
31777,140205,,1611,1642,1620,nan,nan,nan,nan,nan,M,13,G15,1.8E-02,nan,nan,nan,nan,2014-02-05 16:11:00
31777,140206,,2256,2310,2305,nan,nan,nan,nan,nan,M,15,G15,7.7E-03,nan,nan,nan,nan,2014-02-06 22:56:00
31777,140207,,0447,0504,0456,S,15,W,50,nan,M,20,G15,1.4E-02,11967,140203.4,nan,nan,2014-02-07 04:47:00
31777,140207,,1025,1031,1029,N,09,W,53,nan,M,19,G15,2.8E-03,11968,140203.4,nan,nan,2014-02-07 10:25:00
31777,140209,,1540,1652,1617,nan,nan,nan,nan,nan,M,10,G15,3.2E-02,nan,nan,nan,nan,2014-02-09 15:40:00
31777,140211,,0322,0339,0331,S,12,E,17,nan,M,17,G15,1.2E-02,11974,140212.4,nan,nan,2014-02-11 03:22:00
31777,140211,,1634,1710,1651,S,13,E,21,nan,M,18,G15,2.9E-02,11974,140213.2,nan,nan,2014-02-11 16:34:00
31777,140212,,0352,0438,0425,S,12,W,02,nan,M,37,G15,4.3E-02,11974,140212.0,nan,nan,2014-02-12 03:52:00
31777,140212,,0654,0704,0658,S,12,W,02,nan,M,23,G15,1.0E-02,11974,140212.0,nan,nan,2014-02-12 06:54:00
31777,140212,,1541,1615,1551,nan,nan,nan,nan,nan,M,21,G15,2.9E-02,nan,nan,nan,nan,2014-02-12 15:41:00
31777,140213,,0132,0150,0140,S,12,W,09,nan,M,18,G15,1.4E-02,11974,140212.3,nan,nan,2014-02-13 01:32:00
31777,140213,,0241,0304,0251,S,12,W,09,nan,M,10,G15,1.1E-02,11974,140212.3,nan,nan,2014-02-13 02:41:00
31777,140213,,0549,0613,0607,nan,nan,nan,nan,nan,M,17,G15,9.6E-03,nan,nan,nan,nan,2014-02-13 05:49:00
31777,140213,,0805,0819,0812,S,12,W,13,nan,M,10,G15,5.1E-03,11974,140212.3,nan,nan,2014-02-13 08:05:00
31777,140213,,1545,1606,1557,S,13,W,24,nan,M,14,G15,1.2E-02,11974,140211.8,nan,nan,2014-02-13 15:45:00
31777,140214,,0240,0310,0257,S,12,W,25,nan,M,23,G15,2.4E-02,11974,140212.2,nan,nan,2014-02-14 02:40:00
31777,140214,,1229,1245,1240,S,15,W,36,nan,M,16,G15,8.1E-03,11974,140211.8,nan,nan,2014-02-14 12:29:00
31777,140214,,1321,1339,1328,nan,nan,nan,nan,nan,M,11,G15,8.4E-03,nan,nan,nan,nan,2014-02-14 13:21:00
31777,140214,,1633,1642,1639,S,13,W,32,nan,M,10,G15,3.1E-03,11974,140212.2,nan,nan,2014-02-14 16:33:00
31777,140216,,0920,0929,0926,S,11,E,01,nan,M,12,G15,3.4E-03,11977,140216.4,nan,nan,2014-02-16 09:20:00
31777,140220,,0726,0825,0756,S,11,E,43,nan,M,30,G15,6.3E-02,11982,140223.5,nan,nan,2014-02-20 07:26:00
31777,140223,,0550,0636,0610,nan,nan,nan,nan,nan,M,11,G15,2.2E-02,nan,nan,nan,nan,2014-02-23 05:50:00
31777,140224,,1103,1142,1117,N,00,E,00,nan,M,12,G15,1.9E-02,nan,140224.4,nan,nan,2014-02-24 11:03:00
31777,140224,,1200,1210,1205,nan,nan,nan,nan,nan,M,13,G15,5.2E-03,nan,nan,nan,nan,2014-02-24 12:00:00
31777,140225,,0039,0103,0049,S,12,E,82,nan,X,49,G15,4.3E-01,11990,140303.2,nan,nan,2014-02-25 00:39:00
31777,140226,,1452,1510,1501,S,21,E,70,nan,M,11,G15,7.4E-03,11991,140303.9,nan,nan,2014-02-26 14:52:00
31777,140228,,0044,0050,0048,S,24,E,53,nan,M,11,G15,1.9E-03,11991,140304.1,nan,nan,2014-02-28 00:44:00
31777,140301,,1318,1340,1333,nan,nan,nan,nan,nan,M,11,G15,1.1E-02,nan,nan,nan,nan,2014-03-01 13:18:00
31777,140302,,2311,2326,2319,N,15,W,74,nan,M,11,G15,5.9E-03,11986,140225.3,nan,nan,2014-03-02 23:11:00
31777,140303,,1554,1601,1558,N,05,W,36,nan,M,13,G15,2.6E-03,11989,140228.9,nan,nan,2014-03-03 15:54:00
31777,140305,,0206,0212,0210,S,28,W,08,nan,M,10,G15,2.0E-03,11991,140304.4,nan,nan,2014-03-05 02:06:00
31777,140308,,2326,2350,2341,nan,nan,nan,nan,nan,M,14,G15,1.1E-02,nan,nan,nan,nan,2014-03-08 23:26:00
31777,140309,,1352,1405,1358,S,17,E,58,nan,M,10,G15,5.5E-03,12002,140313.9,nan,nan,2014-03-09 13:52:00
31777,140309,,2013,2035,2028,S,19,E,54,nan,M,10,G15,9.2E-03,12002,140313.9,nan,nan,2014-03-09 20:13:00
31777,140310,,0019,0033,0026,S,19,E,52,nan,M,12,G15,5.9E-03,12002,140313.9,nan,nan,2014-03-10 00:19:00
31777,140310,,0402,0413,0408,nan,nan,nan,nan,nan,M,10,G15,3.8E-03,nan,nan,nan,nan,2014-03-10 04:02:00
31777,140310,,1521,1532,1528,S,20,E,43,nan,M,17,G15,6.9E-03,12002,140313.9,nan,nan,2014-03-10 15:21:00
31777,140310,,2245,2312,2300,N,14,W,51,nan,M,14,G15,1.6E-02,11996,140307.1,nan,nan,2014-03-10 22:45:00
31777,140311,,0344,0356,0350,N,13,W,55,nan,M,35,G15,1.3E-02,11996,140307.0,nan,nan,2014-03-11 03:44:00
31777,140311,,1158,1214,1207,nan,nan,nan,nan,nan,M,17,G15,1.0E-02,nan,nan,nan,nan,2014-03-11 11:58:00
31777,140312,,1055,1111,1105,N,13,W,69,nan,M,25,G15,1.2E-02,11996,140307.2,nan,nan,2014-03-12 10:55:00
31777,140312,,2228,2239,2234,N,15,W,78,nan,M,93,G15,3.1E-02,11996,140307.0,nan,nan,2014-03-12 22:28:00
31777,140313,,1903,1930,1919,nan,nan,nan,nan,nan,M,13,G15,1.2E-02,nan,nan,nan,nan,2014-03-13 19:03:00
31777,140320,,0342,0408,0356,S,12,E,75,nan,M,17,G15,1.6E-02,12014,140325.8,nan,nan,2014-03-20 03:42:00
31777,140322,,0658,0705,0702,S,10,W,71,nan,M,11,G15,2.2E-03,12011,140316.9,nan,nan,2014-03-22 06:58:00
31777,140328,,1904,1927,1918,N,11,W,21,nan,M,20,G15,1.3E-02,12017,140327.2,nan,nan,2014-03-28 19:04:00
31777,140328,,2344,2358,2351,nan,nan,nan,nan,nan,M,26,G15,1.3E-02,nan,nan,nan,nan,2014-03-28 23:44:00
31777,140329,,1735,1754,1748,N,11,W,32,nan,X,10,G15,4.2E-02,12017,140327.3,nan,nan,2014-03-29 17:35:00
31777,140331,,0720,0818,0807,S,13,W,76,nan,M,14,G15,1.9E-02,12014,140325.6,nan,nan,2014-03-31 07:20:00
31777,140402,,1318,1428,1405,N,10,E,62,nan,M,65,G15,1.4E-01,12030,140407.2,nan,nan,2014-04-02 13:18:00
31777,140416,,1954,2004,1959,S,14,E,09,nan,M,10,G15,3.8E-03,12035,140417.5,nan,nan,2014-04-16 19:54:00
31777,140418,,1231,1320,1303,nan,nan,nan,nan,nan,M,73,G15,1.1E-01,nan,nan,nan,nan,2014-04-18 12:31:00
31777,140425,,0017,0038,0027,S,15,W,90,nan,X,13,G15,1.1E-01,12046,140418.2,nan,nan,2014-04-25 00:17:00
31777,140506,,0841,0921,0903,S,15,W,84,nan,M,18,G15,3.3E-02,12051,140430.0,nan,nan,2014-05-06 08:41:00
31777,140506,,2201,2220,2209,S,10,W,57,nan,M,10,G15,7.7E-03,12051,140502.6,nan,nan,2014-05-06 22:01:00
31777,140507,,1607,1703,1629,N,15,E,50,nan,M,12,G15,2.9E-02,12055,140511.4,nan,nan,2014-05-07 16:07:00
31777,140508,,0920,1018,1007,N,08,E,54,nan,M,53,G15,4.7E-02,12056,140512.4,nan,nan,2014-05-08 09:20:00
31777,140524,,1826,1844,1835,nan,nan,nan,nan,nan,M,13,G15,8.1E-03,nan,nan,nan,nan,2014-05-24 18:26:00
31777,140603,,0358,0417,0409,S,05,E,30,nan,M,14,G15,8.6E-03,12077,140605.4,nan,nan,2014-06-03 03:58:00
31777,140606,,1926,1933,1931,S,12,E,25,nan,M,14,G15,2.5E-03,12080,140608.6,nan,nan,2014-06-06 19:26:00
31777,140610,,1136,1144,1142,S,15,E,80,nan,X,22,G15,4.7E-02,nan,140616.5,nan,nan,2014-06-10 11:36:00
31777,140610,,1236,1303,1252,S,17,E,82,nan,X,15,G15,1.4E-01,nan,140616.7,nan,nan,2014-06-10 12:36:00
31777,140611,,0530,0536,0534,S,12,W,35,nan,M,18,G15,3.1E-03,12080,140608.5,nan,nan,2014-06-11 05:30:00
31777,140611,,0800,0815,0809,S,14,E,68,nan,M,30,G15,1.7E-02,12087,140616.4,nan,nan,2014-06-11 08:00:00
31777,140611,,0859,0910,0906,S,18,E,65,nan,X,10,G15,3.3E-02,12087,140616.3,nan,nan,2014-06-11 08:59:00
31777,140611,,2053,2110,2103,S,21,E,58,nan,M,39,G15,2.4E-02,12087,140616.3,nan,nan,2014-06-11 20:53:00
31777,140612,,0414,0426,0421,S,16,E,55,nan,M,20,G15,8.2E-03,12087,140616.3,nan,nan,2014-06-12 04:14:00
31777,140612,,0923,0942,0937,S,25,W,53,nan,M,18,G15,8.0E-03,12085,140608.2,nan,nan,2014-06-12 09:23:00
31777,140612,,1014,1027,1021,S,20,E,52,nan,M,27,G15,1.3E-02,12087,140616.4,nan,nan,2014-06-12 10:14:00
31777,140612,,1803,1823,1813,S,19,E,48,nan,M,13,G15,1.1E-02,12087,140616.4,nan,nan,2014-06-12 18:03:00
31777,140612,,1956,2005,2003,N,17,E,05,nan,M,11,G15,5.3E-04,12089,140613.2,nan,nan,2014-06-12 19:56:00
31777,140612,,2101,2119,2113,S,22,E,49,nan,M,10,G15,7.1E-03,12087,140616.6,nan,nan,2014-06-12 21:01:00
31777,140612,,2134,2252,2216,S,18,E,45,nan,M,31,G15,9.5E-02,12087,140616.3,nan,nan,2014-06-12 21:34:00
31777,140613,,0749,0759,0756,N,18,W,01,nan,M,26,G15,9.1E-03,12089,140613.2,nan,nan,2014-06-13 07:49:00
31777,140614,,1923,1934,1929,nan,nan,nan,nan,nan,M,14,G15,5.4E-03,nan,nan,nan,nan,2014-06-14 19:23:00
31777,140615,,1110,1150,1139,nan,nan,nan,nan,nan,M,11,G15,1.8E-02,nan,nan,nan,nan,2014-06-15 11:10:00
31777,140615,,2350,0017,0001,nan,nan,nan,nan,nan,M,10,G15,1.1E-02,nan,nan,nan,nan,2014-06-15 23:50:00
31777,140701,,1105,1159,1123,S,11,E,48,nan,M,14,G15,3.5E-02,12104,140705.0,nan,nan,2014-07-01 11:05:00
31777,140708,,1606,1630,1620,N,11,E,57,nan,M,65,G15,5.9E-02,12113,140712.9,nan,nan,2014-07-08 16:06:00
31777,140709,,0020,0033,0026,S,15,E,64,nan,M,12,G15,5.9E-03,12114,140713.8,nan,nan,2014-07-09 00:20:00
31777,140710,,2229,2237,2234,nan,nan,nan,nan,nan,M,15,G15,4.0E-03,nan,nan,nan,nan,2014-07-10 22:29:00
31777,140731,,1101,1121,1114,nan,nan,nan,nan,nan,M,25,G15,1.7E-02,nan,nan,nan,nan,2014-07-31 11:01:00
31777,140801,,1443,1457,1448,nan,nan,nan,nan,nan,M,20,G15,1.1E-02,nan,nan,nan,nan,2014-08-01 14:43:00
31777,140801,,1755,1848,1813,nan,nan,nan,nan,nan,M,15,G15,3.5E-02,nan,nan,nan,nan,2014-08-01 17:55:00
31777,140821,,1319,1342,1331,N,15,E,86,nan,M,34,G15,2.6E-02,nan,140828.0,nan,nan,2014-08-21 13:19:00
31777,140822,,0618,0634,0628,N,12,E,73,nan,M,12,G15,7.3E-03,12149,140827.7,nan,nan,2014-08-22 06:18:00
31777,140824,,1200,1225,1217,S,07,E,75,nan,M,59,G15,3.9E-02,12151,140830.1,nan,nan,2014-08-24 12:00:00
31777,140825,,1446,1531,1511,N,05,W,36,nan,M,20,G15,3.2E-02,12146,140822.9,nan,nan,2014-08-25 14:46:00
31777,140825,,2006,2029,2021,nan,nan,nan,nan,nan,M,39,G15,3.0E-02,nan,nan,nan,nan,2014-08-25 20:06:00
31777,140903,,1320,1423,1354,S,14,W,18,nan,M,25,G15,6.6E-02,12152,140902.2,nan,nan,2014-09-03 13:20:00
31777,140906,,1650,1722,1709,S,14,E,53,nan,M,11,G15,1.5E-02,12157,140910.7,nan,nan,2014-09-06 16:50:00
31777,140908,,2312,0131,0029,nan,nan,nan,nan,nan,M,45,G15,2.2E-01,nan,nan,nan,nan,2014-09-08 23:12:00
31777,140910,,1721,1820,1745,N,14,E,02,nan,X,16,G15,3.8E-01,12158,140910.8,nan,nan,2014-09-10 17:21:00
31777,140911,,1520,1531,1526,nan,nan,nan,nan,nan,M,21,G15,8.6E-03,nan,nan,nan,nan,2014-09-11 15:20:00
31777,140911,,2101,2130,2126,nan,nan,nan,nan,nan,M,14,G15,7.0E-03,nan,nan,nan,nan,2014-09-11 21:01:00
31777,140914,,0203,0236,0216,N,14,E,61,nan,M,15,G15,2.2E-02,12166,140918.7,nan,nan,2014-09-14 02:03:00
31777,140923,,2303,2328,2316,S,14,E,33,nan,M,23,G15,2.2E-02,12173,140926.4,nan,nan,2014-09-23 23:03:00
31777,140928,,0239,0319,0258,N,16,W,38,nan,M,51,G15,7.9E-02,12175,140925.2,nan,nan,2014-09-28 02:39:00
31777,140928,,1634,1800,1733,S,15,W,27,nan,M,10,G15,2.9E-02,12172,140926.7,nan,nan,2014-09-28 16:34:00
31777,141002,,1710,1815,1744,S,18,W,76,nan,M,15,G15,3.8E-02,12172,140926.9,nan,nan,2014-10-02 17:10:00
31777,141002,,1849,1914,1901,S,17,W,82,nan,M,73,G15,7.4E-02,12173,140926.5,nan,nan,2014-10-02 18:49:00
31777,141009,,0130,0147,0143,S,15,W,45,nan,M,13,G15,4.6E-03,12182,141005.6,nan,nan,2014-10-09 01:30:00
31777,141009,,0154,0202,0158,S,15,W,45,nan,M,14,G15,4.4E-03,12182,141005.6,nan,nan,2014-10-09 01:54:00
31777,141009,,0648,0706,0659,S,18,W,46,nan,M,12,G15,7.6E-03,12182,141005.7,nan,nan,2014-10-09 06:48:00
31777,141014,,1821,1846,1837,nan,nan,nan,nan,nan,M,11,G15,9.7E-03,nan,nan,nan,nan,2014-10-14 18:21:00
31777,141014,,1907,0019,2121,nan,nan,nan,nan,nan,M,22,G15,3.1E-01,nan,nan,nan,nan,2014-10-14 19:07:00
31777,141016,,1258,1305,1303,nan,nan,nan,nan,nan,M,43,G15,8.2E-03,nan,nan,nan,nan,2014-10-16 12:58:00
31777,141018,,0702,0849,0758,S,13,E,71,nan,M,16,G15,6.6E-02,12192,141023.6,nan,nan,2014-10-18 07:02:00
31777,141019,,0417,0548,0503,S,10,E,58,nan,X,11,G15,3.9E-01,12192,141023.5,nan,nan,2014-10-19 04:17:00
31777,141020,,0900,0920,0911,S,14,E,42,nan,M,39,G15,2.8E-02,12192,141023.5,nan,nan,2014-10-20 09:00:00
31777,141020,,1600,1655,1637,S,14,E,37,nan,M,45,G15,9.9E-02,12192,141023.6,nan,nan,2014-10-20 16:00:00
31777,141020,,1855,1904,1902,S,14,E,37,nan,M,14,G15,5.2E-03,12192,141023.6,nan,nan,2014-10-20 18:55:00
31777,141020,,1953,2013,2004,S,14,E,37,nan,M,17,G15,1.5E-02,12192,141023.6,nan,nan,2014-10-20 19:53:00
31777,141020,,2243,2313,2255,nan,nan,nan,nan,nan,M,12,G15,1.7E-02,nan,nan,nan,nan,2014-10-20 22:43:00
31777,141021,,1335,1340,1338,nan,nan,nan,nan,nan,M,12,G15,1.4E-03,nan,nan,nan,nan,2014-10-21 13:35:00
31777,141022,,0116,0228,0159,nan,nan,nan,nan,nan,M,87,G15,2.1E-01,nan,nan,nan,nan,2014-10-22 01:16:00
31777,141022,,0511,0521,0517,nan,nan,nan,nan,nan,M,27,G15,1.0E-02,nan,nan,nan,nan,2014-10-22 05:11:00
31777,141022,,1402,1450,1428,S,14,E,13,nan,X,16,G15,3.4E-01,12192,141023.5,nan,nan,2014-10-22 14:02:00
31777,141022,,1551,1603,1557,S,14,E,13,nan,M,14,G15,7.5E-03,12192,141023.5,nan,nan,2014-10-22 15:51:00
31777,141023,,0944,0956,0950,S,16,E,03,nan,M,11,G15,5.3E-03,12192,141023.6,nan,nan,2014-10-23 09:44:00
31777,141024,,0737,0753,0748,nan,nan,nan,nan,nan,M,40,G15,2.3E-02,nan,nan,nan,nan,2014-10-24 07:37:00
31777,141024,,2107,2213,2141,nan,nan,nan,nan,nan,X,31,G15,8.6E-01,nan,nan,nan,nan,2014-10-24 21:07:00
31777,141025,,1655,1811,1708,S,03,E,58,nan,X,10,G15,3.9E-01,12196,141030.0,nan,nan,2014-10-25 16:55:00
31777,141026,,1004,1118,1056,S,18,W,40,nan,X,20,G15,3.4E-01,12192,141023.4,nan,nan,2014-10-26 10:04:00
31777,141026,,1708,1730,1717,nan,nan,nan,nan,nan,M,10,G15,9.9E-03,nan,nan,nan,nan,2014-10-26 17:08:00
31777,141026,,1807,1820,1815,nan,nan,nan,nan,nan,M,42,G15,2.3E-02,nan,nan,nan,nan,2014-10-26 18:07:00
31777,141026,,1843,1856,1849,nan,nan,nan,nan,nan,M,19,G15,1.0E-02,nan,nan,nan,nan,2014-10-26 18:43:00
31777,141026,,1959,2045,2021,nan,nan,nan,nan,nan,M,24,G15,5.2E-02,nan,nan,nan,nan,2014-10-26 19:59:00
31777,141027,,0006,0044,0034,S,14,W,44,nan,M,71,G15,1.0E-01,12192,141023.6,nan,nan,2014-10-27 00:06:00
31777,141027,,0144,0211,0202,S,14,W,44,nan,M,10,G15,1.3E-02,12192,141023.6,nan,nan,2014-10-27 01:44:00
31777,141027,,0335,0348,0341,S,14,W,44,nan,M,13,G15,7.3E-03,12192,141023.6,nan,nan,2014-10-27 03:35:00
31777,141027,,0959,1026,1009,S,18,W,48,nan,M,67,G15,9.3E-02,12192,141023.7,nan,nan,2014-10-27 09:59:00
31777,141027,,1412,1509,1447,S,17,W,52,nan,X,20,G15,4.5E-01,12192,141023.6,nan,nan,2014-10-27 14:12:00
31777,141027,,1733,1747,1740,nan,nan,nan,nan,nan,M,14,G15,8.6E-03,nan,nan,nan,nan,2014-10-27 17:33:00
31777,141028,,0215,0308,0242,S,14,W,61,nan,M,34,G15,7.6E-02,12192,141023.5,nan,nan,2014-10-28 02:15:00
31777,141028,,0323,0341,0332,S,14,W,61,nan,M,66,G15,5.2E-02,12192,141023.5,nan,nan,2014-10-28 03:23:00
31777,141028,,1354,1423,1406,S,18,W,73,nan,M,16,G15,2.0E-02,12192,141023.0,nan,nan,2014-10-28 13:54:00
31777,141029,,0603,0852,0820,S,14,W,74,nan,M,10,G15,7.6E-02,12192,141023.7,nan,nan,2014-10-29 06:03:00
31777,141029,,0954,1006,1001,nan,nan,nan,nan,nan,M,12,G15,5.5E-03,nan,nan,nan,nan,2014-10-29 09:54:00
31777,141029,,1424,1451,1433,S,16,W,81,nan,M,14,G15,1.9E-02,12192,141023.4,nan,nan,2014-10-29 14:24:00
31777,141029,,1606,1633,1620,nan,nan,nan,nan,nan,M,10,G15,1.2E-02,nan,nan,nan,nan,2014-10-29 16:06:00
31777,141029,,1847,1852,1850,nan,nan,nan,nan,nan,M,13,G15,1.9E-03,nan,nan,nan,nan,2014-10-29 18:47:00
31777,141029,,2118,2125,2122,nan,nan,nan,nan,nan,M,23,G15,4.9E-03,nan,nan,nan,nan,2014-10-29 21:18:00
31777,141030,,0034,0040,0037,nan,nan,nan,nan,nan,M,13,G15,2.7E-03,nan,nan,nan,nan,2014-10-30 00:34:00
31777,141030,,0119,0156,0135,nan,nan,nan,nan,nan,M,35,G15,4.7E-02,nan,nan,nan,nan,2014-10-30 01:19:00
31777,141030,,0417,0436,0428,S,16,E,62,nan,M,12,G15,9.0E-03,nan,141103.8,nan,nan,2014-10-30 04:17:00
31777,141103,,1123,1217,1153,nan,nan,nan,nan,nan,M,22,G15,4.2E-02,nan,nan,nan,nan,2014-11-03 11:23:00
31777,141103,,2215,2253,2240,nan,nan,nan,nan,nan,M,65,G15,6.6E-02,nan,nan,nan,nan,2014-11-03 22:15:00
31777,141104,,0759,0920,0838,N,18,E,82,nan,M,26,G15,7.1E-02,12205,141110.6,nan,nan,2014-11-04 07:59:00
31777,141104,,0852,0913,0904,N,18,E,82,nan,M,23,G15,2.9E-02,12205,141110.6,nan,nan,2014-11-04 08:52:00
31777,141105,,0926,0955,0947,N,20,E,68,nan,M,79,G15,5.2E-02,12205,141110.6,nan,nan,2014-11-05 09:26:00
31777,141105,,1850,2015,1944,N,17,E,65,nan,M,29,G15,7.8E-02,12205,141110.7,nan,nan,2014-11-05 18:50:00
31777,141106,,0129,0154,0139,N,15,E,58,nan,M,32,G15,3.0E-02,12205,141110.4,nan,nan,2014-11-06 01:29:00
31777,141106,,0332,0402,0346,N,17,E,58,nan,M,54,G15,7.1E-02,12205,141110.5,nan,nan,2014-11-06 03:32:00
31777,141106,,2153,2234,2216,N,14,E,45,nan,M,25,G15,3.3E-02,12205,141110.3,nan,nan,2014-11-06 21:53:00
31777,141107,,0205,0332,0249,N,17,E,50,nan,M,27,G15,7.6E-02,12205,141110.9,nan,nan,2014-11-07 02:05:00
31777,141107,,0412,0438,0425,N,17,E,50,nan,M,20,G15,2.6E-02,12205,141110.9,nan,nan,2014-11-07 04:12:00
31777,141107,,1013,1030,1022,N,15,E,43,nan,M,10,G15,6.9E-03,12205,141110.6,nan,nan,2014-11-07 10:13:00
31777,141107,,1653,1734,1726,N,17,E,40,nan,X,16,G15,1.5E-01,12205,141110.7,nan,nan,2014-11-07 16:53:00
31777,141109,,1524,1538,1532,N,18,E,14,nan,M,23,G15,1.1E-02,12205,141110.7,nan,nan,2014-11-09 15:24:00
31777,141115,,1140,1210,1203,S,09,E,63,nan,M,33,G15,2.4E-02,12209,141120.2,nan,nan,2014-11-15 11:40:00
31777,141115,,2038,2050,2046,S,13,E,63,nan,M,37,G15,1.3E-02,12209,141120.6,nan,nan,2014-11-15 20:38:00
31777,141116,,1735,1757,1748,nan,nan,nan,nan,nan,M,57,G15,4.1E-02,nan,nan,nan,nan,2014-11-16 17:35:00
31777,141201,,0626,0659,0641,S,21,E,17,nan,M,18,G15,2.3E-02,12222,141202.5,nan,nan,2014-12-01 06:26:00
31777,141204,,0800,0821,0810,S,24,W,27,nan,M,13,G15,1.1E-02,12222,141202.2,nan,nan,2014-12-04 08:00:00
31777,141204,,1805,1856,1825,nan,nan,nan,nan,nan,M,61,G15,1.2E-01,nan,nan,nan,nan,2014-12-04 18:05:00
31777,141204,,1938,1944,1941,nan,nan,nan,nan,nan,M,13,G15,3.0E-03,nan,nan,nan,nan,2014-12-04 19:38:00
31777,141205,,1133,1247,1225,nan,nan,nan,nan,nan,M,15,G15,3.1E-02,nan,nan,nan,nan,2014-12-05 11:33:00
31777,141213,,0513,0525,0520,nan,nan,nan,nan,nan,M,15,G15,6.4E-03,nan,nan,nan,nan,2014-12-13 05:13:00
31777,141214,,1925,1939,1933,S,19,E,44,nan,M,16,G15,7.3E-03,12242,141218.1,nan,nan,2014-12-14 19:25:00
31777,141217,,0057,0120,0110,S,11,E,36,nan,M,15,G15,1.4E-02,12241,141219.7,nan,nan,2014-12-17 00:57:00
31777,141217,,0141,0157,0150,S,11,E,33,nan,M,11,G15,8.3E-03,12241,141219.5,nan,nan,2014-12-17 01:41:00
31777,141217,,0425,0520,0451,S,11,E,33,nan,M,87,G15,1.9E-01,12241,141219.6,nan,nan,2014-12-17 04:25:00
31777,141217,,1854,1920,1901,S,10,E,24,nan,M,14,G15,1.6E-02,12241,141219.5,nan,nan,2014-12-17 18:54:00
31777,141218,,2141,2225,2158,S,11,E,15,nan,M,69,G15,1.0E-01,12241,141220.0,nan,nan,2014-12-18 21:41:00
31777,141219,,0931,0954,0944,S,20,W,45,nan,M,13,G15,1.1E-02,12235,141215.9,nan,nan,2014-12-19 09:31:00
31777,141220,,0011,0055,0028,S,21,W,24,nan,X,18,G15,2.7E-01,12242,141218.1,nan,nan,2014-12-20 00:11:00
31777,141221,,0718,0751,0732,S,21,W,48,nan,M,12,G15,1.8E-02,12242,141217.6,nan,nan,2014-12-21 07:18:00
31777,141221,,1124,1257,1217,nan,nan,nan,nan,nan,M,10,G15,4.6E-02,nan,nan,nan,nan,2014-12-21 11:24:00
31777,141222,,0133,0159,0149,S,19,W,54,nan,M,10,G15,1.1E-02,12242,141217.9,nan,nan,2014-12-22 01:33:00
31777,141227,,0203,0224,0216,S,11,W,48,nan,M,22,G15,1.4E-02,12249,141223.4,nan,nan,2014-12-27 02:03:00
31777,150103,,0940,0950,0947,S,04,E,17,nan,M,11,G15,3.1E-03,12253,150104.6,nan,nan,2015-01-03 09:40:00
31777,150104,,1518,1553,1536,S,07,E,02,nan,M,13,G15,1.6E-02,12253,150104.7,nan,nan,2015-01-04 15:18:00
31777,150113,,0413,0438,0424,N,06,W,70,nan,M,56,G15,4.5E-02,12257,150107.9,nan,nan,2015-01-13 04:13:00
31777,150113,,0446,0510,0458,N,06,W,70,nan,M,49,G15,6.2E-02,12257,150107.9,nan,nan,2015-01-13 04:46:00
31777,150114,,1230,1308,1258,nan,nan,nan,nan,nan,M,22,G15,2.0E-02,nan,nan,nan,nan,2015-01-14 12:30:00
31777,150122,,0443,0502,0452,nan,nan,nan,nan,nan,M,14,G15,9.6E-03,nan,nan,nan,nan,2015-01-22 04:43:00
31777,150126,,1646,1658,1653,nan,nan,nan,nan,nan,M,11,G15,4.6E-03,nan,nan,nan,nan,2015-01-26 16:46:00
31777,150128,,0421,0455,0441,S,09,E,09,nan,M,14,G15,2.1E-02,12268,150128.8,nan,nan,2015-01-28 04:21:00
31777,150128,,2132,2140,2137,N,08,E,73,nan,M,10,G15,2.4E-03,12277,150203.3,nan,nan,2015-01-28 21:32:00
31777,150129,,1132,1152,1142,S,12,W,06,nan,M,21,G15,1.7E-02,12268,150129.0,nan,nan,2015-01-29 11:32:00
31777,150130,,0032,0102,0044,nan,nan,nan,nan,nan,M,20,G15,2.3E-02,nan,nan,nan,nan,2015-01-30 00:32:00
31777,150130,,0529,0635,0536,N,10,E,58,nan,M,17,G15,4.8E-02,12277,150203.6,nan,nan,2015-01-30 05:29:00
31777,150130,,1210,1221,1216,nan,nan,nan,nan,nan,M,24,G15,8.7E-03,nan,nan,nan,nan,2015-01-30 12:10:00
31777,150204,,0208,0221,0215,N,10,W,14,nan,M,12,G15,5.7E-03,12277,150203.0,nan,nan,2015-02-04 02:08:00
31777,150209,,2219,0016,2335,S,08,W,33,nan,M,24,G15,7.6E-02,12280,150207.4,nan,nan,2015-02-09 22:19:00
31777,150302,,0631,0644,0639,N,20,W,84,nan,M,10,G15,4.6E-03,12290,150223.8,nan,nan,2015-03-02 06:31:00
31777,150302,,1510,1537,1528,nan,nan,nan,nan,nan,M,37,G15,3.1E-02,nan,nan,nan,nan,2015-03-02 15:10:00
31777,150302,,1921,1936,1931,nan,nan,nan,nan,nan,M,41,G15,1.9E-02,nan,nan,nan,nan,2015-03-02 19:21:00
31777,150303,,0125,0142,0135,N,21,W,87,nan,M,82,G15,4.4E-02,12290,150224.4,nan,nan,2015-03-03 01:25:00
31777,150305,,1706,1826,1811,nan,nan,nan,nan,nan,M,12,G15,2.3E-02,nan,nan,nan,nan,2015-03-05 17:06:00
31777,150306,,0414,0527,0457,nan,nan,nan,nan,nan,M,31,G15,9.0E-02,nan,nan,nan,nan,2015-03-06 04:14:00
31777,150306,,0655,0828,0815,nan,nan,nan,nan,nan,M,15,G15,6.8E-02,nan,nan,nan,nan,2015-03-06 06:55:00
31777,150307,,2159,2249,2222,nan,nan,nan,nan,nan,M,92,G15,2.3E-01,nan,nan,nan,nan,2015-03-07 21:59:00
31777,150309,,1422,1437,1433,S,16,E,49,nan,M,45,G15,1.6E-02,12297,150313.3,nan,nan,2015-03-09 14:22:00
31777,150309,,2329,0012,2353,nan,nan,nan,nan,nan,M,58,G15,8.5E-02,nan,nan,nan,nan,2015-03-09 23:29:00
31777,150310,,0319,0328,0324,S,15,E,40,nan,M,51,G15,1.7E-02,12297,150313.1,nan,nan,2015-03-10 03:19:00
31777,150310,,2346,0006,0002,nan,nan,nan,nan,nan,M,29,G15,1.0E-02,nan,nan,nan,nan,2015-03-10 23:46:00
31777,150311,,0710,0743,0718,S,16,E,26,nan,M,18,G15,2.2E-02,12297,150313.3,nan,nan,2015-03-11 07:10:00
31777,150311,,0751,0803,0757,S,16,E,26,nan,M,26,G15,1.3E-02,12297,150313.3,nan,nan,2015-03-11 07:51:00
31777,150311,,1611,1629,1622,S,17,E,21,nan,X,22,G15,1.2E-01,12297,150313.2,nan,nan,2015-03-11 16:11:00
31777,150311,,1837,1857,1851,S,16,E,18,nan,M,10,G15,6.3E-03,12297,150313.1,nan,nan,2015-03-11 18:37:00
31777,150312,,0441,0450,0446,nan,nan,nan,nan,nan,M,32,G15,1.1E-02,nan,nan,nan,nan,2015-03-12 04:41:00
31777,150312,,1138,1202,1150,nan,nan,nan,nan,nan,M,16,G15,1.5E-02,nan,nan,nan,nan,2015-03-12 11:38:00
31777,150312,,1209,1218,1214,nan,nan,nan,nan,nan,M,14,G15,5.5E-03,nan,nan,nan,nan,2015-03-12 12:09:00
31777,150312,,1350,1413,1408,S,15,E,06,nan,M,42,G15,2.1E-02,12297,150313.0,nan,nan,2015-03-12 13:50:00
31777,150312,,2144,2156,2151,nan,nan,nan,nan,nan,M,27,G15,1.2E-02,nan,nan,nan,nan,2015-03-12 21:44:00
31777,150313,,0347,0416,0401,nan,nan,nan,nan,nan,M,12,G15,1.4E-02,nan,nan,nan,nan,2015-03-13 03:47:00
31777,150313,,0549,0612,0607,nan,nan,nan,nan,nan,M,18,G15,1.3E-02,nan,nan,nan,nan,2015-03-13 05:49:00
31777,150314,,0423,0454,0440,S,14,W,12,nan,M,14,G15,1.4E-02,12297,150313.2,nan,nan,2015-03-14 04:23:00
31777,150315,,2242,2338,2322,nan,nan,nan,nan,nan,M,12,G15,2.7E-02,nan,nan,nan,nan,2015-03-15 22:42:00
31777,150316,,1039,1117,1058,S,17,W,39,nan,M,16,G15,2.5E-02,12297,150313.4,nan,nan,2015-03-16 10:39:00
31777,150317,,2249,2348,2334,N,10,W,54,nan,M,10,G15,1.4E-02,12302,150313.9,nan,nan,2015-03-17 22:49:00
31777,150408,,1437,1447,1443,S,14,W,04,nan,M,14,G15,4.0E-03,12320,150408.3,nan,nan,2015-04-08 14:37:00
31777,150412,,0851,1044,0950,N,10,E,66,nan,M,11,G15,4.3E-02,nan,150417.3,nan,nan,2015-04-12 08:51:00
31777,150421,,0708,0727,0721,N,09,W,80,nan,M,10,G15,6.4E-03,12322,150415.3,nan,nan,2015-04-21 07:08:00
31777,150421,,1017,1059,1040,nan,nan,nan,nan,nan,M,22,G15,3.7E-02,nan,nan,nan,nan,2015-04-21 10:17:00
31777,150421,,1149,1202,1157,N,10,W,84,nan,M,22,G15,1.1E-02,12322,150415.1,nan,nan,2015-04-21 11:49:00
31777,150421,,1524,1551,1545,N,09,W,85,nan,M,40,G15,2.3E-02,12322,150415.2,nan,nan,2015-04-21 15:24:00
31777,150421,,1655,1709,1700,N,13,W,84,nan,M,21,G13,1.2E-02,12322,150415.3,nan,nan,2015-04-21 16:55:00
31777,150421,,2139,2155,2145,N,03,W,18,nan,M,18,G15,1.1E-02,12325,150420.5,nan,nan,2015-04-21 21:39:00
31777,150421,,2158,2204,2201,nan,nan,nan,nan,nan,M,12,G15,2.8E-03,nan,nan,nan,nan,2015-04-21 21:58:00
31777,150422,,0830,0858,0844,S,09,E,05,nan,M,11,G15,1.2E-02,12332,150422.7,nan,nan,2015-04-22 08:30:00
31777,150423,,0918,1110,1007,nan,nan,nan,nan,nan,M,11,G15,5.7E-02,nan,nan,nan,nan,2015-04-23 09:18:00
31777,150505,,0942,0951,0947,nan,nan,nan,nan,nan,M,19,G15,5.4E-03,nan,nan,nan,nan,2015-05-05 09:42:00
31777,150505,,1345,1356,1353,N,15,E,75,nan,M,12,G15,4.6E-03,12339,150511.2,nan,nan,2015-05-05 13:45:00
31777,150505,,1419,1432,1425,S,17,E,39,nan,M,13,G15,6.7E-03,12335,150508.5,nan,nan,2015-05-05 14:19:00
31777,150505,,1712,1730,1724,S,17,E,15,nan,M,26,G15,1.3E-02,12335,150506.8,nan,nan,2015-05-05 17:12:00
31777,150505,,2205,2215,2211,nan,nan,nan,nan,nan,X,27,G15,9.3E-02,nan,nan,nan,nan,2015-05-05 22:05:00
31777,150506,,1145,1151,1149,N,17,E,67,nan,M,19,G15,3.2E-03,12339,150511.5,nan,nan,2015-05-06 11:45:00
31777,150611,,0849,0859,0855,nan,nan,nan,nan,nan,M,10,G15,3.4E-03,nan,nan,nan,nan,2015-06-11 08:49:00
31777,150613,,0720,0747,0729,N,14,W,73,nan,M,13,G15,1.7E-02,12360,150607.7,nan,nan,2015-06-13 07:20:00
31777,150614,,0052,0109,0059,N,14,W,73,nan,M,20,G15,1.4E-02,12360,150608.5,nan,nan,2015-06-14 00:52:00
31777,150618,,0033,0155,0127,nan,nan,nan,nan,nan,M,12,G15,4.0E-02,nan,nan,nan,nan,2015-06-18 00:33:00
31777,150620,,0628,0709,0648,N,13,E,25,nan,M,10,G15,1.8E-02,12371,150622.1,nan,nan,2015-06-20 06:28:00
31777,150621,,0102,0200,0142,N,12,E,16,nan,M,20,G15,3.2E-02,12371,150622.2,nan,nan,2015-06-21 01:02:00
31777,150621,,0938,0950,0944,S,21,W,57,nan,M,38,G15,1.6E-02,12367,150617.0,nan,nan,2015-06-21 09:38:00
31777,150621,,1810,1828,1820,S,18,W,64,nan,M,11,G15,7.9E-03,12367,150616.8,nan,nan,2015-06-21 18:10:00
31777,150622,,1739,1851,1823,N,12,W,08,nan,M,66,G15,1.9E-01,12371,150622.1,nan,nan,2015-06-22 17:39:00
31777,150625,,0802,0905,0816,N,09,W,42,nan,M,79,G15,1.7E-01,12371,150622.1,nan,nan,2015-06-25 08:02:00
31777,150703,,1247,1253,1251,S,15,E,68,nan,M,15,G15,2.3E-03,12378,150708.6,nan,nan,2015-07-03 12:47:00
31777,150706,,0824,0859,0844,N,17,E,42,nan,M,10,G15,1.2E-02,12381,150709.5,nan,nan,2015-07-06 08:24:00
31777,150706,,2032,2050,2040,N,18,E,36,nan,M,17,G15,1.2E-02,12381,150709.6,nan,nan,2015-07-06 20:32:00
31777,150821,,0156,0237,0218,S,16,E,39,nan,M,12,G15,2.2E-02,12403,150824.0,nan,nan,2015-08-21 01:56:00
31777,150821,,0934,1007,0948,S,16,E,27,nan,M,14,G15,1.8E-02,12403,150823.4,nan,nan,2015-08-21 09:34:00
31777,150821,,1910,2050,2034,S,12,E,26,nan,M,11,G15,3.1E-02,12403,150823.8,nan,nan,2015-08-21 19:10:00
31777,150822,,0639,0659,0649,S,16,E,23,nan,M,12,G15,1.0E-02,12403,150824.0,nan,nan,2015-08-22 06:39:00
31777,150822,,2119,2128,2124,S,15,E,15,nan,M,35,G15,1.1E-02,12403,150824.0,nan,nan,2015-08-22 21:19:00
31777,150824,,0726,0735,0733,S,15,W,04,nan,M,56,G15,1.1E-02,12403,150824.0,nan,nan,2015-08-24 07:26:00
31777,150824,,1740,1749,1746,nan,nan,nan,nan,nan,M,10,G15,2.7E-03,nan,nan,nan,nan,2015-08-24 17:40:00
31777,150827,,0448,0603,0544,S,16,W,47,nan,M,29,G15,4.2E-02,12403,150823.6,nan,nan,2015-08-27 04:48:00
31777,150828,,1304,1323,1316,S,14,W,65,nan,M,22,G15,1.6E-02,12403,150823.6,nan,nan,2015-08-28 13:04:00
31777,150828,,1856,1906,1903,S,13,W,70,nan,M,21,G15,4.7E-03,12403,150823.5,nan,nan,2015-08-28 18:56:00
31777,150830,,0201,0423,0330,nan,nan,nan,nan,nan,M,14,G15,7.1E-02,nan,nan,nan,nan,2015-08-30 02:01:00
31777,150917,,0934,0945,0940,S,21,W,04,nan,M,11,G15,4.6E-03,12415,150917.0,nan,nan,2015-09-17 09:34:00
31777,150920,,0455,0517,0503,nan,nan,nan,nan,nan,M,15,G15,1.3E-02,nan,nan,nan,nan,2015-09-20 04:55:00
31777,150920,,1732,1829,1803,S,20,W,24,nan,M,21,G15,4.5E-02,12415,150918.9,nan,nan,2015-09-20 17:32:00
31777,151001,,1303,1314,1310,S,23,W,64,nan,M,45,G15,1.3E-02,12422,150926.6,nan,nan,2015-10-01 13:03:00
31777,151002,,0006,0017,0013,S,19,W,67,nan,M,55,G15,2.0E-02,12422,150926.8,nan,nan,2015-10-02 00:06:00
31777,151002,,1219,1231,1226,nan,nan,nan,nan,nan,M,10,G15,4.1E-03,nan,nan,nan,nan,2015-10-02 12:19:00
31777,151002,,1708,1723,1718,S,19,W,76,nan,M,10,G15,4.9E-03,12422,150926.9,nan,nan,2015-10-02 17:08:00
31777,151004,,0234,0248,0241,nan,nan,nan,nan,nan,M,10,G15,5.0E-03,nan,nan,nan,nan,2015-10-04 02:34:00
31777,151015,,2327,2337,2331,S,11,E,50,nan,M,11,G15,5.5E-03,12434,151019.7,nan,nan,2015-10-15 23:27:00
31777,151016,,0611,0620,0616,S,11,E,46,nan,M,11,G15,3.6E-03,12434,151019.7,nan,nan,2015-10-16 06:11:00
31777,151017,,2009,2028,2023,nan,nan,nan,nan,nan,M,11,G15,6.0E-03,nan,nan,nan,nan,2015-10-17 20:09:00
31777,151017,,2035,2046,2042,nan,nan,nan,nan,nan,M,15,G15,5.8E-03,nan,nan,nan,nan,2015-10-17 20:35:00
31777,151031,,1748,1755,1752,N,06,E,51,nan,M,10,G15,2.1E-03,12443,151104.5,nan,nan,2015-10-31 17:48:00
31777,151104,,0320,0329,0326,N,15,W,64,nan,M,19,G15,5.2E-03,12445,151030.2,nan,nan,2015-11-04 03:20:00
31777,151104,,1155,1206,1203,N,12,W,73,nan,M,26,G15,7.3E-03,12445,151030.0,nan,nan,2015-11-04 11:55:00
31777,151104,,1331,1413,1352,N,09,W,04,nan,M,37,G15,5.9E-02,12443,151104.2,nan,nan,2015-11-04 13:31:00
31777,151109,,1249,1328,1312,S,11,E,41,nan,M,39,G15,4.7E-02,12449,151112.6,nan,nan,2015-11-09 12:49:00
31777,151221,,0052,0111,0103,nan,nan,nan,nan,nan,M,28,G15,1.9E-02,nan,nan,nan,nan,2015-12-21 00:52:00
31777,151221,,1009,1032,1019,N,04,E,85,nan,M,11,G15,1.0E-02,nan,151227.7,nan,nan,2015-12-21 10:09:00
31777,151222,,0315,0348,0334,S,23,E,75,nan,M,17,G15,2.1E-02,12473,151227.9,nan,nan,2015-12-22 03:15:00
31777,151223,,0023,0052,0040,S,22,E,63,nan,M,47,G15,4.9E-02,12473,151227.8,nan,nan,2015-12-23 00:23:00
31777,151224,,0149,0222,0212,nan,nan,nan,nan,nan,M,11,G15,1.3E-02,nan,nan,nan,nan,2015-12-24 01:49:00
31777,151228,,1120,1409,1245,nan,nan,nan,nan,nan,M,18,G15,1.1E-01,nan,nan,nan,nan,2015-12-28 11:20:00
31777,160101,,2310,0101,0011,nan,nan,nan,nan,nan,M,23,G15,1.1E-01,nan,nan,nan,nan,2016-01-01 23:10:00
31777,160212,,1036,1053,1047,nan,nan,nan,nan,nan,M,10,G15,5.8E-03,nan,nan,nan,nan,2016-02-12 10:36:00
31777,160213,,1516,1526,1524,N,13,W,25,nan,M,18,G15,4.3E-03,12497,160211.7,nan,nan,2016-02-13 15:16:00
31777,160214,,1918,1929,1926,N,15,W,47,nan,M,10,G15,3.6E-03,12497,160211.2,nan,nan,2016-02-14 19:18:00
31777,160215,,1041,1106,1100,S,20,W,48,nan,M,12,G15,7.4E-03,12500,160211.7,nan,nan,2016-02-15 10:41:00
31777,160418,,0014,0039,0029,N,12,W,62,nan,M,67,G15,4.9E-02,12529,160413.3,nan,nan,2016-04-18 00:14:00
31777,160721,,0042,0050,0046,nan,nan,nan,nan,nan,M,12,G15,3.5E-03,nan,nan,nan,nan,2016-07-21 00:42:00
31777,160721,,0134,0204,0149,nan,nan,nan,nan,nan,M,10,G15,1.2E-02,nan,nan,nan,nan,2016-07-21 01:34:00
31777,160723,,0146,0223,0211,nan,nan,nan,nan,nan,M,50,G15,5.4E-02,nan,nan,nan,nan,2016-07-23 01:46:00
31777,160723,,0500,0524,0516,N,02,W,74,nan,M,76,G15,4.6E-02,12567,160717.7,nan,nan,2016-07-23 05:00:00
31777,160723,,0527,0533,0531,N,02,W,74,nan,M,55,G15,1.1E-02,12567,160717.7,nan,nan,2016-07-23 05:27:00
31777,160724,,0609,0632,0620,N,03,W,84,nan,M,20,G15,1.7E-02,12567,160717.9,nan,nan,2016-07-24 06:09:00
31777,160724,,1730,1812,1743,nan,nan,nan,nan,nan,M,19,G15,3.6E-02,nan,nan,nan,nan,2016-07-24 17:30:00
31777,160807,,1437,1448,1444,N,09,W,67,nan,M,13,G15,4.6E-03,12572,160802.5,nan,nan,2016-08-07 14:37:00
31777,161129,,1719,1726,1723,S,07,E,55,nan,M,10,G15,2.0E-03,12615,161203.8,nan,nan,2016-11-29 17:19:00
31777,161129,,2329,2340,2338,S,08,E,52,nan,M,12,G15,3.9E-03,12615,161203.8,nan,nan,2016-11-29 23:29:00
