T_REC,HARPNUM,MEANPOT,SHRGT45,TOTPOT,USFLUX,MEANJZH,ABSNJZH,SAVNCPP,MEANALP,MEANSHR,TOTUSJZ,TOTUSJH,MEANGAM,MEANGBZ,MEANJZD,AREA_ACR,R_VALUE,MEANGBT,MEANGBH,NOAA_ARS,FlareClass
2011.09.22_15:24:00_TAI,856,5144.339,16.305,5.679985e+23,5.579171e+22,0.00539458,448.495,18603090000000,0.0142526,29.721,64824080000000,3338.745,35.38,99.388,0.07581525,1895.952393,4.669,94.341,44.149,11295,M
2011.09.22_15:24:00_TAI,856,5144.339,16.305,5.679985e+23,5.579171e+22,0.00539458,448.495,18603090000000,0.0142526,29.721,64824080000000,3338.745,35.38,99.388,0.07581525,1895.952393,4.669,94.341,44.149,11295,M
2011.09.22_15:24:00_TAI,856,5144.339,16.305,5.679985e+23,5.579171e+22,0.00539458,448.495,18603090000000,0.0142526,29.721,64824080000000,3338.745,35.38,99.388,0.07581525,1895.952393,4.669,94.341,44.149,11295,M
2011.09.22_15:36:00_TAI,856,5218.502,16.082,5.634971e+23,5.535431e+22,0.00566352,460.473,19895990000000,0.01465721,29.625,62786060000000,3269.426,35.153,99.852,0.07201654,1889.164917,4.682,95.04,44.275,11295,M
2011.09.22_15:36:00_TAI,856,5218.502,16.082,5.634971e+23,5.535431e+22,0.00566352,460.473,19895990000000,0.01465721,29.625,62786060000000,3269.426,35.153,99.852,0.07201654,1889.164917,4.682,95.04,44.275,11295,M
2011.09.22_15:36:00_TAI,856,5218.502,16.082,5.634971e+23,5.535431e+22,0.00566352,460.473,19895990000000,0.01465721,29.625,62786060000000,3269.426,35.153,99.852,0.07201654,1889.164917,4.682,95.04,44.275,11295,M
2011.09.22_15:48:00_TAI,856,5273.436,16.332,5.687916e+23,5.520494e+22,0.00566833,460.353,20779760000000,0.01468663,29.712,63736900000000,3276.43,35.353,100.372,0.05770396,1877.125122,4.683,95.337,44.425,11295,M
2011.09.22_15:48:00_TAI,856,5273.436,16.332,5.687916e+23,5.520494e+22,0.00566833,460.353,20779760000000,0.01468663,29.712,63736900000000,3276.43,35.353,100.372,0.05770396,1877.125122,4.683,95.337,44.425,11295,M
2011.09.22_15:48:00_TAI,856,5273.436,16.332,5.687916e+23,5.520494e+22,0.00566833,460.353,20779760000000,0.01468663,29.712,63736900000000,3276.43,35.353,100.372,0.05770396,1877.125122,4.683,95.337,44.425,11295,M
2011.09.22_16:00:00_TAI,856,5387.168,16.685,5.766875e+23,5.490284e+22,0.00533933,430.382,17495010000000,0.01373335,30.017,63505680000000,3257.02,35.637,100.636,0.04787413,1881.762573,4.68,95.299,44.581,11295,M
2011.09.22_16:00:00_TAI,856,5387.168,16.685,5.766875e+23,5.490284e+22,0.00533933,430.382,17495010000000,0.01373335,30.017,63505680000000,3257.02,35.637,100.636,0.04787413,1881.762573,4.68,95.299,44.581,11295,M
2011.09.22_16:00:00_TAI,856,5387.168,16.685,5.766875e+23,5.490284e+22,0.00533933,430.382,17495010000000,0.01373335,30.017,63505680000000,3257.02,35.637,100.636,0.04787413,1881.762573,4.68,95.299,44.581,11295,M
2011.09.22_16:12:00_TAI,856,5406.971,16.602,5.703053e+23,5.487273e+22,0.00567234,450.503,19032780000000,0.01429725,29.802,63061480000000,3283.595,35.396,100.978,0.02045038,1882.471558,4.69,96.093,44.814,11295,M
2011.09.22_16:12:00_TAI,856,5406.971,16.602,5.703053e+23,5.487273e+22,0.00567234,450.503,19032780000000,0.01429725,29.802,63061480000000,3283.595,35.396,100.978,0.02045038,1882.471558,4.69,96.093,44.814,11295,M
2011.09.22_16:12:00_TAI,856,5406.971,16.602,5.703053e+23,5.487273e+22,0.00567234,450.503,19032780000000,0.01429725,29.802,63061480000000,3283.595,35.396,100.978,0.02045038,1882.471558,4.69,96.093,44.814,11295,M
2011.09.22_16:24:00_TAI,856,5495.225,16.493,5.68543e+23,5.445041e+22,0.00552716,430.577,17718630000000,0.01368315,29.821,61795130000000,3243.108,35.293,101.162,-0.00211103,1876.022461,4.658,96.644,44.968,11295,M
2011.09.22_16:24:00_TAI,856,5495.225,16.493,5.68543e+23,5.445041e+22,0.00552716,430.577,17718630000000,0.01368315,29.821,61795130000000,3243.108,35.293,101.162,-0.00211103,1876.022461,4.658,96.644,44.968,11295,M
2011.09.22_16:24:00_TAI,856,5495.225,16.493,5.68543e+23,5.445041e+22,0.00552716,430.577,17718630000000,0.01368315,29.821,61795130000000,3243.108,35.293,101.162,-0.00211103,1876.022461,4.658,96.644,44.968,11295,M
2011.09.22_16:36:00_TAI,856,5560.621,16.454,5.705828e+23,5.448978e+22,0.00563691,435.53,18454650000000,0.01380318,29.849,62678550000000,3285.734,35.126,102.14,-0.01166545,1866.44458,4.67,97.17,45.56,11295,M
2011.09.22_16:36:00_TAI,856,5560.621,16.454,5.705828e+23,5.448978e+22,0.00563691,435.53,18454650000000,0.01380318,29.849,62678550000000,3285.734,35.126,102.14,-0.01166545,1866.44458,4.67,97.17,45.56,11295,M
2011.09.22_16:36:00_TAI,856,5560.621,16.454,5.705828e+23,5.448978e+22,0.00563691,435.53,18454650000000,0.01380318,29.849,62678550000000,3285.734,35.126,102.14,-0.01166545,1866.44458,4.67,97.17,45.56,11295,M
2011.09.22_16:48:00_TAI,856,5545.622,16.617,5.659357e+23,5.458333e+22,0.00547949,421.049,18975860000000,0.01327737,29.865,62819350000000,3301.163,34.967,101.906,-0.0297165,1856.099121,4.633,97.163,45.371,11295,M
2011.09.22_16:48:00_TAI,856,5545.622,16.617,5.659357e+23,5.458333e+22,0.00547949,421.049,18975860000000,0.01327737,29.865,62819350000000,3301.163,34.967,101.906,-0.0297165,1856.099121,4.633,97.163,45.371,11295,M
2011.09.22_16:48:00_TAI,856,5545.622,16.617,5.659357e+23,5.458333e+22,0.00547949,421.049,18975860000000,0.01327737,29.865,62819350000000,3301.163,34.967,101.906,-0.0297165,1856.099121,4.633,97.163,45.371,11295,M
2011.09.22_17:00:00_TAI,856,5629.683,16.735,5.716134e+23,5.462495e+22,0.0053988,412.765,17664360000000,0.01296091,29.94,62830600000000,3303.321,35.033,102.669,-0.05229211,1848.330811,4.667,97.409,45.428,11295,M
2011.09.22_17:00:00_TAI,856,5629.683,16.735,5.716134e+23,5.462495e+22,0.0053988,412.765,17664360000000,0.01296091,29.94,62830600000000,3303.321,35.033,102.669,-0.05229211,1848.330811,4.667,97.409,45.428,11295,M
2011.09.22_17:00:00_TAI,856,5629.683,16.735,5.716134e+23,5.462495e+22,0.0053988,412.765,17664360000000,0.01296091,29.94,62830600000000,3303.321,35.033,102.669,-0.05229211,1848.330811,4.667,97.409,45.428,11295,M
2011.09.22_15:24:00_TAI,892,15898.81,38.473,1.2176e+24,4.680664e+22,-0.00546341,315.053,17663630000000,-0.00868945,41.568,48232560000000,3482.589,46.22,85.383,-0.23374785,1810.498413,4.49,64.817,39.678,11302,M
2011.09.22_15:24:00_TAI,892,15898.81,38.473,1.2176e+24,4.680664e+22,-0.00546341,315.053,17663630000000,-0.00868945,41.568,48232560000000,3482.589,46.22,85.383,-0.23374785,1810.498413,4.49,64.817,39.678,11302,M
2011.09.22_15:24:00_TAI,892,15898.81,38.473,1.2176e+24,4.680664e+22,-0.00546341,315.053,17663630000000,-0.00868945,41.568,48232560000000,3482.589,46.22,85.383,-0.23374785,1810.498413,4.49,64.817,39.678,11302,X
2011.09.22_15:24:00_TAI,892,15898.81,38.473,1.2176e+24,4.680664e+22,-0.00546341,315.053,17663630000000,-0.00868945,41.568,48232560000000,3482.589,46.22,85.383,-0.23374785,1810.498413,4.49,64.817,39.678,11302,M
2011.09.22_15:24:00_TAI,892,15898.81,38.473,1.2176e+24,4.680664e+22,-0.00546341,315.053,17663630000000,-0.00868945,41.568,48232560000000,3482.589,46.22,85.383,-0.23374785,1810.498413,4.49,64.817,39.678,11302,X
2011.09.22_15:24:00_TAI,892,15898.81,38.473,1.2176e+24,4.680664e+22,-0.00546341,315.053,17663630000000,-0.00868945,41.568,48232560000000,3482.589,46.22,85.383,-0.23374785,1810.498413,4.49,64.817,39.678,11302,M
2011.09.22_15:24:00_TAI,892,15898.81,38.473,1.2176e+24,4.680664e+22,-0.00546341,315.053,17663630000000,-0.00868945,41.568,48232560000000,3482.589,46.22,85.383,-0.23374785,1810.498413,4.49,64.817,39.678,11302,M
2011.09.22_15:24:00_TAI,892,15898.81,38.473,1.2176e+24,4.680664e+22,-0.00546341,315.053,17663630000000,-0.00868945,41.568,48232560000000,3482.589,46.22,85.383,-0.23374785,1810.498413,4.49,64.817,39.678,11302,M
2011.09.22_15:24:00_TAI,892,15898.81,38.473,1.2176e+24,4.680664e+22,-0.00546341,315.053,17663630000000,-0.00868945,41.568,48232560000000,3482.589,46.22,85.383,-0.23374785,1810.498413,4.49,64.817,39.678,11302,M
2011.09.22_15:24:00_TAI,892,15898.81,38.473,1.2176e+24,4.680664e+22,-0.00546341,315.053,17663630000000,-0.00868945,41.568,48232560000000,3482.589,46.22,85.383,-0.23374785,1810.498413,4.49,64.817,39.678,11302,M
2011.09.22_15:24:00_TAI,892,15898.81,38.473,1.2176e+24,4.680664e+22,-0.00546341,315.053,17663630000000,-0.00868945,41.568,48232560000000,3482.589,46.22,85.383,-0.23374785,1810.498413,4.49,64.817,39.678,11302,M
2011.09.22_15:24:00_TAI,892,15898.81,38.473,1.2176e+24,4.680664e+22,-0.00546341,315.053,17663630000000,-0.00868945,41.568,48232560000000,3482.589,46.22,85.383,-0.23374785,1810.498413,4.49,64.817,39.678,11302,M
2011.09.22_15:24:00_TAI,892,15898.81,38.473,1.2176e+24,4.680664e+22,-0.00546341,315.053,17663630000000,-0.00868945,41.568,48232560000000,3482.589,46.22,85.383,-0.23374785,1810.498413,4.49,64.817,39.678,11302,M
2011.09.22_15:24:00_TAI,892,15898.81,38.473,1.2176e+24,4.680664e+22,-0.00546341,315.053,17663630000000,-0.00868945,41.568,48232560000000,3482.589,46.22,85.383,-0.23374785,1810.498413,4.49,64.817,39.678,11302,M
2011.09.22_15:24:00_TAI,892,15898.81,38.473,1.2176e+24,4.680664e+22,-0.00546341,315.053,17663630000000,-0.00868945,41.568,48232560000000,3482.589,46.22,85.383,-0.23374785,1810.498413,4.49,64.817,39.678,11302,M
2011.09.22_15:24:00_TAI,892,15898.81,38.473,1.2176e+24,4.680664e+22,-0.00546341,315.053,17663630000000,-0.00868945,41.568,48232560000000,3482.589,46.22,85.383,-0.23374785,1810.498413,4.49,64.817,39.678,11302,M
2011.09.22_15:24:00_TAI,892,15898.81,38.473,1.2176e+24,4.680664e+22,-0.00546341,315.053,17663630000000,-0.00868945,41.568,48232560000000,3482.589,46.22,85.383,-0.23374785,1810.498413,4.49,64.817,39.678,11302,M
2011.09.22_15:24:00_TAI,892,15898.81,38.473,1.2176e+24,4.680664e+22,-0.00546341,315.053,17663630000000,-0.00868945,41.568,48232560000000,3482.589,46.22,85.383,-0.23374785,1810.498413,4.49,64.817,39.678,11302,M
2011.09.22_15:24:00_TAI,892,15898.81,38.473,1.2176e+24,4.680664e+22,-0.00546341,315.053,17663630000000,-0.00868945,41.568,48232560000000,3482.589,46.22,85.383,-0.23374785,1810.498413,4.49,64.817,39.678,11302,M
2011.09.22_15:36:00_TAI,892,15780.69,37.718,1.213458e+24,4.715376e+22,-0.00607546,351.775,19150450000000,-0.00958639,41.376,48377050000000,3574.13,45.776,91.145,0.028771,1819.475708,4.492,67.388,39.753,11302,M
2011.09.22_15:36:00_TAI,892,15780.69,37.718,1.213458e+24,4.715376e+22,-0.00607546,351.775,19150450000000,-0.00958639,41.376,48377050000000,3574.13,45.776,91.145,0.028771,1819.475708,4.492,67.388,39.753,11302,M
2011.09.22_15:36:00_TAI,892,15780.69,37.718,1.213458e+24,4.715376e+22,-0.00607546,351.775,19150450000000,-0.00958639,41.376,48377050000000,3574.13,45.776,91.145,0.028771,1819.475708,4.492,67.388,39.753,11302,X
2011.09.22_15:36:00_TAI,892,15780.69,37.718,1.213458e+24,4.715376e+22,-0.00607546,351.775,19150450000000,-0.00958639,41.376,48377050000000,3574.13,45.776,91.145,0.028771,1819.475708,4.492,67.388,39.753,11302,M
2011.09.22_15:36:00_TAI,892,15780.69,37.718,1.213458e+24,4.715376e+22,-0.00607546,351.775,19150450000000,-0.00958639,41.376,48377050000000,3574.13,45.776,91.145,0.028771,1819.475708,4.492,67.388,39.753,11302,X
2011.09.22_15:36:00_TAI,892,15780.69,37.718,1.213458e+24,4.715376e+22,-0.00607546,351.775,19150450000000,-0.00958639,41.376,48377050000000,3574.13,45.776,91.145,0.028771,1819.475708,4.492,67.388,39.753,11302,M
2011.09.22_15:36:00_TAI,892,15780.69,37.718,1.213458e+24,4.715376e+22,-0.00607546,351.775,19150450000000,-0.00958639,41.376,48377050000000,3574.13,45.776,91.145,0.028771,1819.475708,4.492,67.388,39.753,11302,M
2011.09.22_15:36:00_TAI,892,15780.69,37.718,1.213458e+24,4.715376e+22,-0.00607546,351.775,19150450000000,-0.00958639,41.376,48377050000000,3574.13,45.776,91.145,0.028771,1819.475708,4.492,67.388,39.753,11302,M
2011.09.22_15:36:00_TAI,892,15780.69,37.718,1.213458e+24,4.715376e+22,-0.00607546,351.775,19150450000000,-0.00958639,41.376,48377050000000,3574.13,45.776,91.145,0.028771,1819.475708,4.492,67.388,39.753,11302,M
2011.09.22_15:36:00_TAI,892,15780.69,37.718,1.213458e+24,4.715376e+22,-0.00607546,351.775,19150450000000,-0.00958639,41.376,48377050000000,3574.13,45.776,91.145,0.028771,1819.475708,4.492,67.388,39.753,11302,M
2011.09.22_15:36:00_TAI,892,15780.69,37.718,1.213458e+24,4.715376e+22,-0.00607546,351.775,19150450000000,-0.00958639,41.376,48377050000000,3574.13,45.776,91.145,0.028771,1819.475708,4.492,67.388,39.753,11302,M
2011.09.22_15:36:00_TAI,892,15780.69,37.718,1.213458e+24,4.715376e+22,-0.00607546,351.775,19150450000000,-0.00958639,41.376,48377050000000,3574.13,45.776,91.145,0.028771,1819.475708,4.492,67.388,39.753,11302,M
2011.09.22_15:36:00_TAI,892,15780.69,37.718,1.213458e+24,4.715376e+22,-0.00607546,351.775,19150450000000,-0.00958639,41.376,48377050000000,3574.13,45.776,91.145,0.028771,1819.475708,4.492,67.388,39.753,11302,M
2011.09.22_15:36:00_TAI,892,15780.69,37.718,1.213458e+24,4.715376e+22,-0.00607546,351.775,19150450000000,-0.00958639,41.376,48377050000000,3574.13,45.776,91.145,0.028771,1819.475708,4.492,67.388,39.753,11302,M
2011.09.22_15:36:00_TAI,892,15780.69,37.718,1.213458e+24,4.715376e+22,-0.00607546,351.775,19150450000000,-0.00958639,41.376,48377050000000,3574.13,45.776,91.145,0.028771,1819.475708,4.492,67.388,39.753,11302,M
2011.09.22_15:36:00_TAI,892,15780.69,37.718,1.213458e+24,4.715376e+22,-0.00607546,351.775,19150450000000,-0.00958639,41.376,48377050000000,3574.13,45.776,91.145,0.028771,1819.475708,4.492,67.388,39.753,11302,M
2011.09.22_15:36:00_TAI,892,15780.69,37.718,1.213458e+24,4.715376e+22,-0.00607546,351.775,19150450000000,-0.00958639,41.376,48377050000000,3574.13,45.776,91.145,0.028771,1819.475708,4.492,67.388,39.753,11302,M
2011.09.22_15:36:00_TAI,892,15780.69,37.718,1.213458e+24,4.715376e+22,-0.00607546,351.775,19150450000000,-0.00958639,41.376,48377050000000,3574.13,45.776,91.145,0.028771,1819.475708,4.492,67.388,39.753,11302,M
2011.09.22_15:36:00_TAI,892,15780.69,37.718,1.213458e+24,4.715376e+22,-0.00607546,351.775,19150450000000,-0.00958639,41.376,48377050000000,3574.13,45.776,91.145,0.028771,1819.475708,4.492,67.388,39.753,11302,M
2011.09.22_15:48:00_TAI,892,16038.75,38.907,1.234196e+24,4.725952e+22,-0.00571179,330.952,15526380000000,-0.00893699,42.058,49482400000000,3543.614,46.225,87.724,-0.21412453,1840.786133,4.51,65.33,40.03,11302,M
2011.09.22_15:48:00_TAI,892,16038.75,38.907,1.234196e+24,4.725952e+22,-0.00571179,330.952,15526380000000,-0.00893699,42.058,49482400000000,3543.614,46.225,87.724,-0.21412453,1840.786133,4.51,65.33,40.03,11302,M
2011.09.22_15:48:00_TAI,892,16038.75,38.907,1.234196e+24,4.725952e+22,-0.00571179,330.952,15526380000000,-0.00893699,42.058,49482400000000,3543.614,46.225,87.724,-0.21412453,1840.786133,4.51,65.33,40.03,11302,X
2011.09.22_15:48:00_TAI,892,16038.75,38.907,1.234196e+24,4.725952e+22,-0.00571179,330.952,15526380000000,-0.00893699,42.058,49482400000000,3543.614,46.225,87.724,-0.21412453,1840.786133,4.51,65.33,40.03,11302,M
2011.09.22_15:48:00_TAI,892,16038.75,38.907,1.234196e+24,4.725952e+22,-0.00571179,330.952,15526380000000,-0.00893699,42.058,49482400000000,3543.614,46.225,87.724,-0.21412453,1840.786133,4.51,65.33,40.03,11302,X
2011.09.22_15:48:00_TAI,892,16038.75,38.907,1.234196e+24,4.725952e+22,-0.00571179,330.952,15526380000000,-0.00893699,42.058,49482400000000,3543.614,46.225,87.724,-0.21412453,1840.786133,4.51,65.33,40.03,11302,M
2011.09.22_15:48:00_TAI,892,16038.75,38.907,1.234196e+24,4.725952e+22,-0.00571179,330.952,15526380000000,-0.00893699,42.058,49482400000000,3543.614,46.225,87.724,-0.21412453,1840.786133,4.51,65.33,40.03,11302,M
2011.09.22_15:48:00_TAI,892,16038.75,38.907,1.234196e+24,4.725952e+22,-0.00571179,330.952,15526380000000,-0.00893699,42.058,49482400000000,3543.614,46.225,87.724,-0.21412453,1840.786133,4.51,65.33,40.03,11302,M
2011.09.22_15:48:00_TAI,892,16038.75,38.907,1.234196e+24,4.725952e+22,-0.00571179,330.952,15526380000000,-0.00893699,42.058,49482400000000,3543.614,46.225,87.724,-0.21412453,1840.786133,4.51,65.33,40.03,11302,M
2011.09.22_15:48:00_TAI,892,16038.75,38.907,1.234196e+24,4.725952e+22,-0.00571179,330.952,15526380000000,-0.00893699,42.058,49482400000000,3543.614,46.225,87.724,-0.21412453,1840.786133,4.51,65.33,40.03,11302,M
2011.09.22_15:48:00_TAI,892,16038.75,38.907,1.234196e+24,4.725952e+22,-0.00571179,330.952,15526380000000,-0.00893699,42.058,49482400000000,3543.614,46.225,87.724,-0.21412453,1840.786133,4.51,65.33,40.03,11302,M
2011.09.22_15:48:00_TAI,892,16038.75,38.907,1.234196e+24,4.725952e+22,-0.00571179,330.952,15526380000000,-0.00893699,42.058,49482400000000,3543.614,46.225,87.724,-0.21412453,1840.786133,4.51,65.33,40.03,11302,M
2011.09.22_15:48:00_TAI,892,16038.75,38.907,1.234196e+24,4.725952e+22,-0.00571179,330.952,15526380000000,-0.00893699,42.058,49482400000000,3543.614,46.225,87.724,-0.21412453,1840.786133,4.51,65.33,40.03,11302,M
2011.09.22_15:48:00_TAI,892,16038.75,38.907,1.234196e+24,4.725952e+22,-0.00571179,330.952,15526380000000,-0.00893699,42.058,49482400000000,3543.614,46.225,87.724,-0.21412453,1840.786133,4.51,65.33,40.03,11302,M
2011.09.22_15:48:00_TAI,892,16038.75,38.907,1.234196e+24,4.725952e+22,-0.00571179,330.952,15526380000000,-0.00893699,42.058,49482400000000,3543.614,46.225,87.724,-0.21412453,1840.786133,4.51,65.33,40.03,11302,M
2011.09.22_15:48:00_TAI,892,16038.75,38.907,1.234196e+24,4.725952e+22,-0.00571179,330.952,15526380000000,-0.00893699,42.058,49482400000000,3543.614,46.225,87.724,-0.21412453,1840.786133,4.51,65.33,40.03,11302,M
2011.09.22_15:48:00_TAI,892,16038.75,38.907,1.234196e+24,4.725952e+22,-0.00571179,330.952,15526380000000,-0.00893699,42.058,49482400000000,3543.614,46.225,87.724,-0.21412453,1840.786133,4.51,65.33,40.03,11302,M
2011.09.22_15:48:00_TAI,892,16038.75,38.907,1.234196e+24,4.725952e+22,-0.00571179,330.952,15526380000000,-0.00893699,42.058,49482400000000,3543.614,46.225,87.724,-0.21412453,1840.786133,4.51,65.33,40.03,11302,M
2011.09.22_15:48:00_TAI,892,16038.75,38.907,1.234196e+24,4.725952e+22,-0.00571179,330.952,15526380000000,-0.00893699,42.058,49482400000000,3543.614,46.225,87.724,-0.21412453,1840.786133,4.51,65.33,40.03,11302,M
2011.09.22_16:00:00_TAI,892,16286.82,37.915,1.252138e+24,4.768342e+22,-0.00635815,368.067,20574760000000,-0.0098726,41.492,48669960000000,3534.718,45.885,85.434,-0.27179265,1836.159668,4.579,64.691,39.335,11302,M
2011.09.22_16:00:00_TAI,892,16286.82,37.915,1.252138e+24,4.768342e+22,-0.00635815,368.067,20574760000000,-0.0098726,41.492,48669960000000,3534.718,45.885,85.434,-0.27179265,1836.159668,4.579,64.691,39.335,11302,M
2011.09.22_16:00:00_TAI,892,16286.82,37.915,1.252138e+24,4.768342e+22,-0.00635815,368.067,20574760000000,-0.0098726,41.492,48669960000000,3534.718,45.885,85.434,-0.27179265,1836.159668,4.579,64.691,39.335,11302,X
2011.09.22_16:00:00_TAI,892,16286.82,37.915,1.252138e+24,4.768342e+22,-0.00635815,368.067,20574760000000,-0.0098726,41.492,48669960000000,3534.718,45.885,85.434,-0.27179265,1836.159668,4.579,64.691,39.335,11302,M
2011.09.22_16:00:00_TAI,892,16286.82,37.915,1.252138e+24,4.768342e+22,-0.00635815,368.067,20574760000000,-0.0098726,41.492,48669960000000,3534.718,45.885,85.434,-0.27179265,1836.159668,4.579,64.691,39.335,11302,X
2011.09.22_16:00:00_TAI,892,16286.82,37.915,1.252138e+24,4.768342e+22,-0.00635815,368.067,20574760000000,-0.0098726,41.492,48669960000000,3534.718,45.885,85.434,-0.27179265,1836.159668,4.579,64.691,39.335,11302,M
2011.09.22_16:00:00_TAI,892,16286.82,37.915,1.252138e+24,4.768342e+22,-0.00635815,368.067,20574760000000,-0.0098726,41.492,48669960000000,3534.718,45.885,85.434,-0.27179265,1836.159668,4.579,64.691,39.335,11302,M
2011.09.22_16:00:00_TAI,892,16286.82,37.915,1.252138e+24,4.768342e+22,-0.00635815,368.067,20574760000000,-0.0098726,41.492,48669960000000,3534.718,45.885,85.434,-0.27179265,1836.159668,4.579,64.691,39.335,11302,M
2011.09.22_16:00:00_TAI,892,16286.82,37.915,1.252138e+24,4.768342e+22,-0.00635815,368.067,20574760000000,-0.0098726,41.492,48669960000000,3534.718,45.885,85.434,-0.27179265,1836.159668,4.579,64.691,39.335,11302,M
2011.09.22_16:00:00_TAI,892,16286.82,37.915,1.252138e+24,4.768342e+22,-0.00635815,368.067,20574760000000,-0.0098726,41.492,48669960000000,3534.718,45.885,85.434,-0.27179265,1836.159668,4.579,64.691,39.335,11302,M
2011.09.22_16:00:00_TAI,892,16286.82,37.915,1.252138e+24,4.768342e+22,-0.00635815,368.067,20574760000000,-0.0098726,41.492,48669960000000,3534.718,45.885,85.434,-0.27179265,1836.159668,4.579,64.691,39.335,11302,M
2011.09.22_16:00:00_TAI,892,16286.82,37.915,1.252138e+24,4.768342e+22,-0.00635815,368.067,20574760000000,-0.0098726,41.492,48669960000000,3534.718,45.885,85.434,-0.27179265,1836.159668,4.579,64.691,39.335,11302,M
2011.09.22_16:00:00_TAI,892,16286.82,37.915,1.252138e+24,4.768342e+22,-0.00635815,368.067,20574760000000,-0.0098726,41.492,48669960000000,3534.718,45.885,85.434,-0.27179265,1836.159668,4.579,64.691,39.335,11302,M
2011.09.22_16:00:00_TAI,892,16286.82,37.915,1.252138e+24,4.768342e+22,-0.00635815,368.067,20574760000000,-0.0098726,41.492,48669960000000,3534.718,45.885,85.434,-0.27179265,1836.159668,4.579,64.691,39.335,11302,M
2011.09.22_16:00:00_TAI,892,16286.82,37.915,1.252138e+24,4.768342e+22,-0.00635815,368.067,20574760000000,-0.0098726,41.492,48669960000000,3534.718,45.885,85.434,-0.27179265,1836.159668,4.579,64.691,39.335,11302,M
2011.09.22_16:00:00_TAI,892,16286.82,37.915,1.252138e+24,4.768342e+22,-0.00635815,368.067,20574760000000,-0.0098726,41.492,48669960000000,3534.718,45.885,85.434,-0.27179265,1836.159668,4.579,64.691,39.335,11302,M
2011.09.22_16:00:00_TAI,892,16286.82,37.915,1.252138e+24,4.768342e+22,-0.00635815,368.067,20574760000000,-0.0098726,41.492,48669960000000,3534.718,45.885,85.434,-0.27179265,1836.159668,4.579,64.691,39.335,11302,M
2011.09.22_16:00:00_TAI,892,16286.82,37.915,1.252138e+24,4.768342e+22,-0.00635815,368.067,20574760000000,-0.0098726,41.492,48669960000000,3534.718,45.885,85.434,-0.27179265,1836.159668,4.579,64.691,39.335,11302,M
2011.09.22_16:00:00_TAI,892,16286.82,37.915,1.252138e+24,4.768342e+22,-0.00635815,368.067,20574760000000,-0.0098726,41.492,48669960000000,3534.718,45.885,85.434,-0.27179265,1836.159668,4.579,64.691,39.335,11302,M
2011.09.22_16:12:00_TAI,892,16255.25,38.456,1.262167e+24,4.827234e+22,-0.00559197,326.94,20185380000000,-0.00865878,41.555,48938710000000,3636.729,45.934,84.8,-0.26439771,1865.255005,4.565,64.388,39.483,11302,M
2011.09.22_16:12:00_TAI,892,16255.25,38.456,1.262167e+24,4.827234e+22,-0.00559197,326.94,20185380000000,-0.00865878,41.555,48938710000000,3636.729,45.934,84.8,-0.26439771,1865.255005,4.565,64.388,39.483,11302,M
2011.09.22_16:12:00_TAI,892,16255.25,38.456,1.262167e+24,4.827234e+22,-0.00559197,326.94,20185380000000,-0.00865878,41.555,48938710000000,3636.729,45.934,84.8,-0.26439771,1865.255005,4.565,64.388,39.483,11302,X
2011.09.22_16:12:00_TAI,892,16255.25,38.456,1.262167e+24,4.827234e+22,-0.00559197,326.94,20185380000000,-0.00865878,41.555,48938710000000,3636.729,45.934,84.8,-0.26439771,1865.255005,4.565,64.388,39.483,11302,M
2011.09.22_16:12:00_TAI,892,16255.25,38.456,1.262167e+24,4.827234e+22,-0.00559197,326.94,20185380000000,-0.00865878,41.555,48938710000000,3636.729,45.934,84.8,-0.26439771,1865.255005,4.565,64.388,39.483,11302,X
2011.09.22_16:12:00_TAI,892,16255.25,38.456,1.262167e+24,4.827234e+22,-0.00559197,326.94,20185380000000,-0.00865878,41.555,48938710000000,3636.729,45.934,84.8,-0.26439771,1865.255005,4.565,64.388,39.483,11302,M
2011.09.22_16:12:00_TAI,892,16255.25,38.456,1.262167e+24,4.827234e+22,-0.00559197,326.94,20185380000000,-0.00865878,41.555,48938710000000,3636.729,45.934,84.8,-0.26439771,1865.255005,4.565,64.388,39.483,11302,M
2011.09.22_16:12:00_TAI,892,16255.25,38.456,1.262167e+24,4.827234e+22,-0.00559197,326.94,20185380000000,-0.00865878,41.555,48938710000000,3636.729,45.934,84.8,-0.26439771,1865.255005,4.565,64.388,39.483,11302,M
2011.09.22_16:12:00_TAI,892,16255.25,38.456,1.262167e+24,4.827234e+22,-0.00559197,326.94,20185380000000,-0.00865878,41.555,48938710000000,3636.729,45.934,84.8,-0.26439771,1865.255005,4.565,64.388,39.483,11302,M
2011.09.22_16:12:00_TAI,892,16255.25,38.456,1.262167e+24,4.827234e+22,-0.00559197,326.94,20185380000000,-0.00865878,41.555,48938710000000,3636.729,45.934,84.8,-0.26439771,1865.255005,4.565,64.388,39.483,11302,M
2011.09.22_16:12:00_TAI,892,16255.25,38.456,1.262167e+24,4.827234e+22,-0.00559197,326.94,20185380000000,-0.00865878,41.555,48938710000000,3636.729,45.934,84.8,-0.26439771,1865.255005,4.565,64.388,39.483,11302,M
2011.09.22_16:12:00_TAI,892,16255.25,38.456,1.262167e+24,4.827234e+22,-0.00559197,326.94,20185380000000,-0.00865878,41.555,48938710000000,3636.729,45.934,84.8,-0.26439771,1865.255005,4.565,64.388,39.483,11302,M
2011.09.22_16:12:00_TAI,892,16255.25,38.456,1.262167e+24,4.827234e+22,-0.00559197,326.94,20185380000000,-0.00865878,41.555,48938710000000,3636.729,45.934,84.8,-0.26439771,1865.255005,4.565,64.388,39.483,11302,M
2011.09.22_16:12:00_TAI,892,16255.25,38.456,1.262167e+24,4.827234e+22,-0.00559197,326.94,20185380000000,-0.00865878,41.555,48938710000000,3636.729,45.934,84.8,-0.26439771,1865.255005,4.565,64.388,39.483,11302,M
2011.09.22_16:12:00_TAI,892,16255.25,38.456,1.262167e+24,4.827234e+22,-0.00559197,326.94,20185380000000,-0.00865878,41.555,48938710000000,3636.729,45.934,84.8,-0.26439771,1865.255005,4.565,64.388,39.483,11302,M
2011.09.22_16:12:00_TAI,892,16255.25,38.456,1.262167e+24,4.827234e+22,-0.00559197,326.94,20185380000000,-0.00865878,41.555,48938710000000,3636.729,45.934,84.8,-0.26439771,1865.255005,4.565,64.388,39.483,11302,M
2011.09.22_16:12:00_TAI,892,16255.25,38.456,1.262167e+24,4.827234e+22,-0.00559197,326.94,20185380000000,-0.00865878,41.555,48938710000000,3636.729,45.934,84.8,-0.26439771,1865.255005,4.565,64.388,39.483,11302,M
2011.09.22_16:12:00_TAI,892,16255.25,38.456,1.262167e+24,4.827234e+22,-0.00559197,326.94,20185380000000,-0.00865878,41.555,48938710000000,3636.729,45.934,84.8,-0.26439771,1865.255005,4.565,64.388,39.483,11302,M
2011.09.22_16:12:00_TAI,892,16255.25,38.456,1.262167e+24,4.827234e+22,-0.00559197,326.94,20185380000000,-0.00865878,41.555,48938710000000,3636.729,45.934,84.8,-0.26439771,1865.255005,4.565,64.388,39.483,11302,M
2011.09.22_16:24:00_TAI,892,16224.22,38.302,1.274001e+24,4.868867e+22,-0.00444447,262.784,15918820000000,-0.0069121,41.305,49541250000000,3649.03,45.884,85.185,-0.23523766,1869.635376,4.55,64.846,39.084,11302,M
2011.09.22_16:24:00_TAI,892,16224.22,38.302,1.274001e+24,4.868867e+22,-0.00444447,262.784,15918820000000,-0.0069121,41.305,49541250000000,3649.03,45.884,85.185,-0.23523766,1869.635376,4.55,64.846,39.084,11302,M
2011.09.22_16:24:00_TAI,892,16224.22,38.302,1.274001e+24,4.868867e+22,-0.00444447,262.784,15918820000000,-0.0069121,41.305,49541250000000,3649.03,45.884,85.185,-0.23523766,1869.635376,4.55,64.846,39.084,11302,X
2011.09.22_16:24:00_TAI,892,16224.22,38.302,1.274001e+24,4.868867e+22,-0.00444447,262.784,15918820000000,-0.0069121,41.305,49541250000000,3649.03,45.884,85.185,-0.23523766,1869.635376,4.55,64.846,39.084,11302,M
2011.09.22_16:24:00_TAI,892,16224.22,38.302,1.274001e+24,4.868867e+22,-0.00444447,262.784,15918820000000,-0.0069121,41.305,49541250000000,3649.03,45.884,85.185,-0.23523766,1869.635376,4.55,64.846,39.084,11302,X
2011.09.22_16:24:00_TAI,892,16224.22,38.302,1.274001e+24,4.868867e+22,-0.00444447,262.784,15918820000000,-0.0069121,41.305,49541250000000,3649.03,45.884,85.185,-0.23523766,1869.635376,4.55,64.846,39.084,11302,M
2011.09.22_16:24:00_TAI,892,16224.22,38.302,1.274001e+24,4.868867e+22,-0.00444447,262.784,15918820000000,-0.0069121,41.305,49541250000000,3649.03,45.884,85.185,-0.23523766,1869.635376,4.55,64.846,39.084,11302,M
2011.09.22_16:24:00_TAI,892,16224.22,38.302,1.274001e+24,4.868867e+22,-0.00444447,262.784,15918820000000,-0.0069121,41.305,49541250000000,3649.03,45.884,85.185,-0.23523766,1869.635376,4.55,64.846,39.084,11302,M
2011.09.22_16:24:00_TAI,892,16224.22,38.302,1.274001e+24,4.868867e+22,-0.00444447,262.784,15918820000000,-0.0069121,41.305,49541250000000,3649.03,45.884,85.185,-0.23523766,1869.635376,4.55,64.846,39.084,11302,M
2011.09.22_16:24:00_TAI,892,16224.22,38.302,1.274001e+24,4.868867e+22,-0.00444447,262.784,15918820000000,-0.0069121,41.305,49541250000000,3649.03,45.884,85.185,-0.23523766,1869.635376,4.55,64.846,39.084,11302,M
2011.09.22_16:24:00_TAI,892,16224.22,38.302,1.274001e+24,4.868867e+22,-0.00444447,262.784,15918820000000,-0.0069121,41.305,49541250000000,3649.03,45.884,85.185,-0.23523766,1869.635376,4.55,64.846,39.084,11302,M
2011.09.22_16:24:00_TAI,892,16224.22,38.302,1.274001e+24,4.868867e+22,-0.00444447,262.784,15918820000000,-0.0069121,41.305,49541250000000,3649.03,45.884,85.185,-0.23523766,1869.635376,4.55,64.846,39.084,11302,M
2011.09.22_16:24:00_TAI,892,16224.22,38.302,1.274001e+24,4.868867e+22,-0.00444447,262.784,15918820000000,-0.0069121,41.305,49541250000000,3649.03,45.884,85.185,-0.23523766,1869.635376,4.55,64.846,39.084,11302,M
2011.09.22_16:24:00_TAI,892,16224.22,38.302,1.274001e+24,4.868867e+22,-0.00444447,262.784,15918820000000,-0.0069121,41.305,49541250000000,3649.03,45.884,85.185,-0.23523766,1869.635376,4.55,64.846,39.084,11302,M
2011.09.22_16:24:00_TAI,892,16224.22,38.302,1.274001e+24,4.868867e+22,-0.00444447,262.784,15918820000000,-0.0069121,41.305,49541250000000,3649.03,45.884,85.185,-0.23523766,1869.635376,4.55,64.846,39.084,11302,M
2011.09.22_16:24:00_TAI,892,16224.22,38.302,1.274001e+24,4.868867e+22,-0.00444447,262.784,15918820000000,-0.0069121,41.305,49541250000000,3649.03,45.884,85.185,-0.23523766,1869.635376,4.55,64.846,39.084,11302,M
2011.09.22_16:24:00_TAI,892,16224.22,38.302,1.274001e+24,4.868867e+22,-0.00444447,262.784,15918820000000,-0.0069121,41.305,49541250000000,3649.03,45.884,85.185,-0.23523766,1869.635376,4.55,64.846,39.084,11302,M
2011.09.22_16:24:00_TAI,892,16224.22,38.302,1.274001e+24,4.868867e+22,-0.00444447,262.784,15918820000000,-0.0069121,41.305,49541250000000,3649.03,45.884,85.185,-0.23523766,1869.635376,4.55,64.846,39.084,11302,M
2011.09.22_16:24:00_TAI,892,16224.22,38.302,1.274001e+24,4.868867e+22,-0.00444447,262.784,15918820000000,-0.0069121,41.305,49541250000000,3649.03,45.884,85.185,-0.23523766,1869.635376,4.55,64.846,39.084,11302,M
2011.09.22_16:36:00_TAI,892,16112.94,37.896,1.289935e+24,4.979098e+22,-0.00309721,186.703,12275720000000,-0.00478659,41.362,52258560000000,3874.003,45.521,93.386,-0.13197845,1871.994507,4.574,69.717,40.756,11302,M
2011.09.22_16:36:00_TAI,892,16112.94,37.896,1.289935e+24,4.979098e+22,-0.00309721,186.703,12275720000000,-0.00478659,41.362,52258560000000,3874.003,45.521,93.386,-0.13197845,1871.994507,4.574,69.717,40.756,11302,M
2011.09.22_16:36:00_TAI,892,16112.94,37.896,1.289935e+24,4.979098e+22,-0.00309721,186.703,12275720000000,-0.00478659,41.362,52258560000000,3874.003,45.521,93.386,-0.13197845,1871.994507,4.574,69.717,40.756,11302,X
2011.09.22_16:36:00_TAI,892,16112.94,37.896,1.289935e+24,4.979098e+22,-0.00309721,186.703,12275720000000,-0.00478659,41.362,52258560000000,3874.003,45.521,93.386,-0.13197845,1871.994507,4.574,69.717,40.756,11302,M
2011.09.22_16:36:00_TAI,892,16112.94,37.896,1.289935e+24,4.979098e+22,-0.00309721,186.703,12275720000000,-0.00478659,41.362,52258560000000,3874.003,45.521,93.386,-0.13197845,1871.994507,4.574,69.717,40.756,11302,X
2011.09.22_16:36:00_TAI,892,16112.94,37.896,1.289935e+24,4.979098e+22,-0.00309721,186.703,12275720000000,-0.00478659,41.362,52258560000000,3874.003,45.521,93.386,-0.13197845,1871.994507,4.574,69.717,40.756,11302,M
2011.09.22_16:36:00_TAI,892,16112.94,37.896,1.289935e+24,4.979098e+22,-0.00309721,186.703,12275720000000,-0.00478659,41.362,52258560000000,3874.003,45.521,93.386,-0.13197845,1871.994507,4.574,69.717,40.756,11302,M
2011.09.22_16:36:00_TAI,892,16112.94,37.896,1.289935e+24,4.979098e+22,-0.00309721,186.703,12275720000000,-0.00478659,41.362,52258560000000,3874.003,45.521,93.386,-0.13197845,1871.994507,4.574,69.717,40.756,11302,M
2011.09.22_16:36:00_TAI,892,16112.94,37.896,1.289935e+24,4.979098e+22,-0.00309721,186.703,12275720000000,-0.00478659,41.362,52258560000000,3874.003,45.521,93.386,-0.13197845,1871.994507,4.574,69.717,40.756,11302,M
2011.09.22_16:36:00_TAI,892,16112.94,37.896,1.289935e+24,4.979098e+22,-0.00309721,186.703,12275720000000,-0.00478659,41.362,52258560000000,3874.003,45.521,93.386,-0.13197845,1871.994507,4.574,69.717,40.756,11302,M
2011.09.22_16:36:00_TAI,892,16112.94,37.896,1.289935e+24,4.979098e+22,-0.00309721,186.703,12275720000000,-0.00478659,41.362,52258560000000,3874.003,45.521,93.386,-0.13197845,1871.994507,4.574,69.717,40.756,11302,M
2011.09.22_16:36:00_TAI,892,16112.94,37.896,1.289935e+24,4.979098e+22,-0.00309721,186.703,12275720000000,-0.00478659,41.362,52258560000000,3874.003,45.521,93.386,-0.13197845,1871.994507,4.574,69.717,40.756,11302,M
2011.09.22_16:36:00_TAI,892,16112.94,37.896,1.289935e+24,4.979098e+22,-0.00309721,186.703,12275720000000,-0.00478659,41.362,52258560000000,3874.003,45.521,93.386,-0.13197845,1871.994507,4.574,69.717,40.756,11302,M
2011.09.22_16:36:00_TAI,892,16112.94,37.896,1.289935e+24,4.979098e+22,-0.00309721,186.703,12275720000000,-0.00478659,41.362,52258560000000,3874.003,45.521,93.386,-0.13197845,1871.994507,4.574,69.717,40.756,11302,M
2011.09.22_16:36:00_TAI,892,16112.94,37.896,1.289935e+24,4.979098e+22,-0.00309721,186.703,12275720000000,-0.00478659,41.362,52258560000000,3874.003,45.521,93.386,-0.13197845,1871.994507,4.574,69.717,40.756,11302,M
2011.09.22_16:36:00_TAI,892,16112.94,37.896,1.289935e+24,4.979098e+22,-0.00309721,186.703,12275720000000,-0.00478659,41.362,52258560000000,3874.003,45.521,93.386,-0.13197845,1871.994507,4.574,69.717,40.756,11302,M
2011.09.22_16:36:00_TAI,892,16112.94,37.896,1.289935e+24,4.979098e+22,-0.00309721,186.703,12275720000000,-0.00478659,41.362,52258560000000,3874.003,45.521,93.386,-0.13197845,1871.994507,4.574,69.717,40.756,11302,M
2011.09.22_16:36:00_TAI,892,16112.94,37.896,1.289935e+24,4.979098e+22,-0.00309721,186.703,12275720000000,-0.00478659,41.362,52258560000000,3874.003,45.521,93.386,-0.13197845,1871.994507,4.574,69.717,40.756,11302,M
2011.09.22_16:36:00_TAI,892,16112.94,37.896,1.289935e+24,4.979098e+22,-0.00309721,186.703,12275720000000,-0.00478659,41.362,52258560000000,3874.003,45.521,93.386,-0.13197845,1871.994507,4.574,69.717,40.756,11302,M
2011.09.22_16:48:00_TAI,892,16157.75,38.538,1.314336e+24,5.02389e+22,-0.00584765,358.169,23285820000000,-0.00911171,41.433,51960110000000,3796.733,45.795,88.974,-0.15519069,1879.281616,4.635,67.405,40.06,11302,M
2011.09.22_16:48:00_TAI,892,16157.75,38.538,1.314336e+24,5.02389e+22,-0.00584765,358.169,23285820000000,-0.00911171,41.433,51960110000000,3796.733,45.795,88.974,-0.15519069,1879.281616,4.635,67.405,40.06,11302,M
2011.09.22_16:48:00_TAI,892,16157.75,38.538,1.314336e+24,5.02389e+22,-0.00584765,358.169,23285820000000,-0.00911171,41.433,51960110000000,3796.733,45.795,88.974,-0.15519069,1879.281616,4.635,67.405,40.06,11302,X
2011.09.22_16:48:00_TAI,892,16157.75,38.538,1.314336e+24,5.02389e+22,-0.00584765,358.169,23285820000000,-0.00911171,41.433,51960110000000,3796.733,45.795,88.974,-0.15519069,1879.281616,4.635,67.405,40.06,11302,M
2011.09.22_16:48:00_TAI,892,16157.75,38.538,1.314336e+24,5.02389e+22,-0.00584765,358.169,23285820000000,-0.00911171,41.433,51960110000000,3796.733,45.795,88.974,-0.15519069,1879.281616,4.635,67.405,40.06,11302,X
2011.09.22_16:48:00_TAI,892,16157.75,38.538,1.314336e+24,5.02389e+22,-0.00584765,358.169,23285820000000,-0.00911171,41.433,51960110000000,3796.733,45.795,88.974,-0.15519069,1879.281616,4.635,67.405,40.06,11302,M
2011.09.22_16:48:00_TAI,892,16157.75,38.538,1.314336e+24,5.02389e+22,-0.00584765,358.169,23285820000000,-0.00911171,41.433,51960110000000,3796.733,45.795,88.974,-0.15519069,1879.281616,4.635,67.405,40.06,11302,M
2011.09.22_16:48:00_TAI,892,16157.75,38.538,1.314336e+24,5.02389e+22,-0.00584765,358.169,23285820000000,-0.00911171,41.433,51960110000000,3796.733,45.795,88.974,-0.15519069,1879.281616,4.635,67.405,40.06,11302,M
2011.09.22_16:48:00_TAI,892,16157.75,38.538,1.314336e+24,5.02389e+22,-0.00584765,358.169,23285820000000,-0.00911171,41.433,51960110000000,3796.733,45.795,88.974,-0.15519069,1879.281616,4.635,67.405,40.06,11302,M
2011.09.22_16:48:00_TAI,892,16157.75,38.538,1.314336e+24,5.02389e+22,-0.00584765,358.169,23285820000000,-0.00911171,41.433,51960110000000,3796.733,45.795,88.974,-0.15519069,1879.281616,4.635,67.405,40.06,11302,M
2011.09.22_16:48:00_TAI,892,16157.75,38.538,1.314336e+24,5.02389e+22,-0.00584765,358.169,23285820000000,-0.00911171,41.433,51960110000000,3796.733,45.795,88.974,-0.15519069,1879.281616,4.635,67.405,40.06,11302,M
2011.09.22_16:48:00_TAI,892,16157.75,38.538,1.314336e+24,5.02389e+22,-0.00584765,358.169,23285820000000,-0.00911171,41.433,51960110000000,3796.733,45.795,88.974,-0.15519069,1879.281616,4.635,67.405,40.06,11302,M
2011.09.22_16:48:00_TAI,892,16157.75,38.538,1.314336e+24,5.02389e+22,-0.00584765,358.169,23285820000000,-0.00911171,41.433,51960110000000,3796.733,45.795,88.974,-0.15519069,1879.281616,4.635,67.405,40.06,11302,M
2011.09.22_16:48:00_TAI,892,16157.75,38.538,1.314336e+24,5.02389e+22,-0.00584765,358.169,23285820000000,-0.00911171,41.433,51960110000000,3796.733,45.795,88.974,-0.15519069,1879.281616,4.635,67.405,40.06,11302,M
2011.09.22_16:48:00_TAI,892,16157.75,38.538,1.314336e+24,5.02389e+22,-0.00584765,358.169,23285820000000,-0.00911171,41.433,51960110000000,3796.733,45.795,88.974,-0.15519069,1879.281616,4.635,67.405,40.06,11302,M
2011.09.22_16:48:00_TAI,892,16157.75,38.538,1.314336e+24,5.02389e+22,-0.00584765,358.169,23285820000000,-0.00911171,41.433,51960110000000,3796.733,45.795,88.974,-0.15519069,1879.281616,4.635,67.405,40.06,11302,M
2011.09.22_16:48:00_TAI,892,16157.75,38.538,1.314336e+24,5.02389e+22,-0.00584765,358.169,23285820000000,-0.00911171,41.433,51960110000000,3796.733,45.795,88.974,-0.15519069,1879.281616,4.635,67.405,40.06,11302,M
2011.09.22_16:48:00_TAI,892,16157.75,38.538,1.314336e+24,5.02389e+22,-0.00584765,358.169,23285820000000,-0.00911171,41.433,51960110000000,3796.733,45.795,88.974,-0.15519069,1879.281616,4.635,67.405,40.06,11302,M
2011.09.22_16:48:00_TAI,892,16157.75,38.538,1.314336e+24,5.02389e+22,-0.00584765,358.169,23285820000000,-0.00911171,41.433,51960110000000,3796.733,45.795,88.974,-0.15519069,1879.281616,4.635,67.405,40.06,11302,M
2011.09.22_17:00:00_TAI,892,16064.92,38.499,1.336654e+24,5.111946e+22,-0.0052863,331.187,19051010000000,-0.00830847,41.589,53910390000000,3898.515,45.765,85.722,-0.28797525,1902.869629,4.691,66.048,39.837,11302,M
2011.09.22_17:00:00_TAI,892,16064.92,38.499,1.336654e+24,5.111946e+22,-0.0052863,331.187,19051010000000,-0.00830847,41.589,53910390000000,3898.515,45.765,85.722,-0.28797525,1902.869629,4.691,66.048,39.837,11302,M
2011.09.22_17:00:00_TAI,892,16064.92,38.499,1.336654e+24,5.111946e+22,-0.0052863,331.187,19051010000000,-0.00830847,41.589,53910390000000,3898.515,45.765,85.722,-0.28797525,1902.869629,4.691,66.048,39.837,11302,X
2011.09.22_17:00:00_TAI,892,16064.92,38.499,1.336654e+24,5.111946e+22,-0.0052863,331.187,19051010000000,-0.00830847,41.589,53910390000000,3898.515,45.765,85.722,-0.28797525,1902.869629,4.691,66.048,39.837,11302,M
2011.09.22_17:00:00_TAI,892,16064.92,38.499,1.336654e+24,5.111946e+22,-0.0052863,331.187,19051010000000,-0.00830847,41.589,53910390000000,3898.515,45.765,85.722,-0.28797525,1902.869629,4.691,66.048,39.837,11302,X
2011.09.22_17:00:00_TAI,892,16064.92,38.499,1.336654e+24,5.111946e+22,-0.0052863,331.187,19051010000000,-0.00830847,41.589,53910390000000,3898.515,45.765,85.722,-0.28797525,1902.869629,4.691,66.048,39.837,11302,M
2011.09.22_17:00:00_TAI,892,16064.92,38.499,1.336654e+24,5.111946e+22,-0.0052863,331.187,19051010000000,-0.00830847,41.589,53910390000000,3898.515,45.765,85.722,-0.28797525,1902.869629,4.691,66.048,39.837,11302,M
2011.09.22_17:00:00_TAI,892,16064.92,38.499,1.336654e+24,5.111946e+22,-0.0052863,331.187,19051010000000,-0.00830847,41.589,53910390000000,3898.515,45.765,85.722,-0.28797525,1902.869629,4.691,66.048,39.837,11302,M
2011.09.22_17:00:00_TAI,892,16064.92,38.499,1.336654e+24,5.111946e+22,-0.0052863,331.187,19051010000000,-0.00830847,41.589,53910390000000,3898.515,45.765,85.722,-0.28797525,1902.869629,4.691,66.048,39.837,11302,M
2011.09.22_17:00:00_TAI,892,16064.92,38.499,1.336654e+24,5.111946e+22,-0.0052863,331.187,19051010000000,-0.00830847,41.589,53910390000000,3898.515,45.765,85.722,-0.28797525,1902.869629,4.691,66.048,39.837,11302,M
2011.09.22_17:00:00_TAI,892,16064.92,38.499,1.336654e+24,5.111946e+22,-0.0052863,331.187,19051010000000,-0.00830847,41.589,53910390000000,3898.515,45.765,85.722,-0.28797525,1902.869629,4.691,66.048,39.837,11302,M
2011.09.22_17:00:00_TAI,892,16064.92,38.499,1.336654e+24,5.111946e+22,-0.0052863,331.187,19051010000000,-0.00830847,41.589,53910390000000,3898.515,45.765,85.722,-0.28797525,1902.869629,4.691,66.048,39.837,11302,M
2011.09.22_17:00:00_TAI,892,16064.92,38.499,1.336654e+24,5.111946e+22,-0.0052863,331.187,19051010000000,-0.00830847,41.589,53910390000000,3898.515,45.765,85.722,-0.28797525,1902.869629,4.691,66.048,39.837,11302,M
2011.09.22_17:00:00_TAI,892,16064.92,38.499,1.336654e+24,5.111946e+22,-0.0052863,331.187,19051010000000,-0.00830847,41.589,53910390000000,3898.515,45.765,85.722,-0.28797525,1902.869629,4.691,66.048,39.837,11302,M
2011.09.22_17:00:00_TAI,892,16064.92,38.499,1.336654e+24,5.111946e+22,-0.0052863,331.187,19051010000000,-0.00830847,41.589,53910390000000,3898.515,45.765,85.722,-0.28797525,1902.869629,4.691,66.048,39.837,11302,M
2011.09.22_17:00:00_TAI,892,16064.92,38.499,1.336654e+24,5.111946e+22,-0.0052863,331.187,19051010000000,-0.00830847,41.589,53910390000000,3898.515,45.765,85.722,-0.28797525,1902.869629,4.691,66.048,39.837,11302,M
2011.09.22_17:00:00_TAI,892,16064.92,38.499,1.336654e+24,5.111946e+22,-0.0052863,331.187,19051010000000,-0.00830847,41.589,53910390000000,3898.515,45.765,85.722,-0.28797525,1902.869629,4.691,66.048,39.837,11302,M
2011.09.22_17:00:00_TAI,892,16064.92,38.499,1.336654e+24,5.111946e+22,-0.0052863,331.187,19051010000000,-0.00830847,41.589,53910390000000,3898.515,45.765,85.722,-0.28797525,1902.869629,4.691,66.048,39.837,11302,M
2011.09.22_17:00:00_TAI,892,16064.92,38.499,1.336654e+24,5.111946e+22,-0.0052863,331.187,19051010000000,-0.00830847,41.589,53910390000000,3898.515,45.765,85.722,-0.28797525,1902.869629,4.691,66.048,39.837,11302,M
2011.10.19_22:12:00_TAI,940,6514.708,22.115,8.817503e+23,6.830633e+22,-0.0014559,148.373,6244426000000,-0.00354587,32.023,77638780000000,3584.584,37.383,95.501,0.00040144,2400.968506,4.373,92.173,41.821,11314,M
2011.10.19_22:12:00_TAI,940,6514.708,22.115,8.817503e+23,6.830633e+22,-0.0014559,148.373,6244426000000,-0.00354587,32.023,77638780000000,3584.584,37.383,95.501,0.00040144,2400.968506,4.373,92.173,41.821,11319,M
2011.10.19_22:24:00_TAI,940,6461.397,21.936,8.82927e+23,6.853929e+22,-0.00148877,153.181,5656181000000,-0.00366449,31.938,78004320000000,3591.928,37.224,95.009,0.00043193,2391.651611,4.384,91.648,41.484,11314,M
2011.10.19_22:24:00_TAI,940,6461.397,21.936,8.82927e+23,6.853929e+22,-0.00148877,153.181,5656181000000,-0.00366449,31.938,78004320000000,3591.928,37.224,95.009,0.00043193,2391.651611,4.384,91.648,41.484,11319,M
2011.10.19_22:36:00_TAI,940,6390.531,22.107,8.84582e+23,6.876323e+22,-0.00150665,157.035,7487118000000,-0.00376136,31.992,77767770000000,3561.655,37.333,94.306,0.0728506,2380.251465,4.406,90.998,41.094,11314,M
2011.10.19_22:36:00_TAI,940,6390.531,22.107,8.84582e+23,6.876323e+22,-0.00150665,157.035,7487118000000,-0.00376136,31.992,77767770000000,3561.655,37.333,94.306,0.0728506,2380.251465,4.406,90.998,41.094,11319,M
2011.10.19_22:48:00_TAI,940,6297.109,21.767,8.865025e+23,6.926175e+22,-0.00149473,158.441,8020252000000,-0.00379299,31.822,78570150000000,3567.074,37.281,93.731,0.07490621,2371.713623,4.392,90.392,40.86,11314,M
2011.10.19_22:48:00_TAI,940,6297.109,21.767,8.865025e+23,6.926175e+22,-0.00149473,158.441,8020252000000,-0.00379299,31.822,78570150000000,3567.074,37.281,93.731,0.07490621,2371.713623,4.392,90.392,40.86,11319,M
2011.10.19_23:00:00_TAI,940,6198.333,22.108,8.88402e+23,6.978108e+22,-0.00126135,136.123,6271731000000,-0.00325236,32.042,79210500000000,3558.685,37.409,93.196,0.11138926,2373.658691,4.361,89.846,40.374,11314,M
2011.10.19_23:00:00_TAI,940,6198.333,22.108,8.88402e+23,6.978108e+22,-0.00126135,136.123,6271731000000,-0.00325236,32.042,79210500000000,3558.685,37.409,93.196,0.11138926,2373.658691,4.361,89.846,40.374,11319,M
2011.10.19_23:12:00_TAI,940,6134.729,21.476,8.803451e+23,7.001527e+22,-0.00125185,135.266,5101456000000,-0.00322896,31.59,78096640000000,3532.724,36.953,92.928,0.05109101,2354.138184,4.34,89.724,39.982,11314,M
2011.10.19_23:12:00_TAI,940,6134.729,21.476,8.803451e+23,7.001527e+22,-0.00125185,135.266,5101456000000,-0.00322896,31.59,78096640000000,3532.724,36.953,92.928,0.05109101,2354.138184,4.34,89.724,39.982,11319,M
2011.10.19_23:24:00_TAI,940,6045.739,21.356,8.785181e+23,7.060939e+22,-0.00119643,130.91,5239363000000,-0.00311324,31.491,79440460000000,3576.21,36.996,92.536,0.06856829,2352.725098,4.369,89.339,39.987,11314,M
2011.10.19_23:24:00_TAI,940,6045.739,21.356,8.785181e+23,7.060939e+22,-0.00119643,130.91,5239363000000,-0.00311324,31.491,79440460000000,3576.21,36.996,92.536,0.06856829,2352.725098,4.369,89.339,39.987,11319,M
2011.10.19_23:36:00_TAI,940,6036.723,21.334,8.764065e+23,7.060505e+22,-0.00134108,146.603,6546765000000,-0.00348663,31.435,78401430000000,3543.788,36.915,92.31,0.06755337,2346.097412,4.355,89.127,39.757,11314,M
2011.10.19_23:36:00_TAI,940,6036.723,21.334,8.764065e+23,7.060505e+22,-0.00134108,146.603,6546765000000,-0.00348663,31.435,78401430000000,3543.788,36.915,92.31,0.06755337,2346.097412,4.355,89.127,39.757,11319,M
2011.10.19_23:48:00_TAI,940,6000.929,21.152,8.76669e+23,7.086496e+22,-0.00120791,132.871,5710226000000,-0.00315718,31.384,78543050000000,3555.253,36.853,91.748,0.08012743,2336.273926,4.387,88.493,39.573,11314,M
2011.10.19_23:48:00_TAI,940,6000.929,21.152,8.76669e+23,7.086496e+22,-0.00120791,132.871,5710226000000,-0.00315718,31.384,78543050000000,3555.253,36.853,91.748,0.08012743,2336.273926,4.387,88.493,39.573,11319,M
2012.09.11_05:12:00_TAI,1999,1895.479,5.572,1.779893e+23,4.792904e+22,0.00198644,140.442,11103150000000,0.00618854,19.482,32239600000000,1649.03,25.757,69.546,-0.02911826,704.40564,3.554,66.44,27.32,11564,M
2012.09.11_05:24:00_TAI,1999,1889.229,5.45,1.751644e+23,4.73815e+22,0.00201705,140.816,12497010000000,0.00628999,19.224,30313540000000,1566.917,25.721,68.541,-0.0413801,692.337402,3.484,65.49,27.072,11564,M
2012.09.11_05:36:00_TAI,1999,1851.26,5.526,1.729004e+23,4.722576e+22,0.00191159,134.421,11351260000000,0.00608134,19.224,29917710000000,1545.088,25.747,67.326,-0.09812143,694.396423,3.557,64.302,26.676,11564,M
2012.09.11_05:48:00_TAI,1999,1842.979,5.795,1.743763e+23,4.722908e+22,0.00177777,126.654,11262630000000,0.00576214,19.435,30482490000000,1557.182,26.33,66.556,-0.02356843,697.962769,3.571,63.273,27.142,11564,M
2012.09.11_06:00:00_TAI,1999,1829.826,5.673,1.733044e+23,4.710986e+22,0.00211106,150.551,13596900000000,0.00690527,19.221,29974680000000,1527.988,26.295,65.985,-0.07727724,690.770142,3.468,62.544,26.791,11564,M
2012.09.11_06:12:00_TAI,1999,1808.904,5.906,1.751113e+23,4.773747e+22,0.00173526,126.481,12113030000000,0.00576389,19.53,30567060000000,1522.214,26.411,65.843,0.01241323,684.826904,3.518,62.186,26.801,11564,M
2013.03.21_10:12:00_TAI,2546,6433.274,19.527,4.902615e+23,4.234447e+22,-0.01212491,695.752,27243120000000,-0.027032,29.605,34591650000000,2100.93,37.329,78.022,-0.01636607,1136.243408,4.334,68.416,35.209,11692,M
2013.03.21_10:24:00_TAI,2546,6519.68,20.134,4.929934e+23,4.198316e+22,-0.01136816,647.246,24504630000000,-0.02536338,29.879,34225170000000,2079.132,37.475,79.058,0.08340904,1147.078125,4.361,68.31,35.124,11692,M
2013.03.21_10:36:00_TAI,2546,6486.283,20.774,4.880129e+23,4.153381e+22,-0.01147401,650.003,26525840000000,-0.02576902,30.265,33854320000000,2040.556,37.78,79.143,-0.00517768,1130.428467,4.345,68.208,34.847,11692,M
2013.03.21_10:48:00_TAI,2546,6547.145,20.775,4.888359e+23,4.13277e+22,-0.0111506,626.864,25690500000000,-0.02494664,30.142,33594410000000,2005.167,37.733,81.26,-0.00435909,1142.82312,4.318,68.877,35.348,11692,M
2013.03.21_11:00:00_TAI,2546,6549.554,21.054,4.911207e+23,4.123836e+22,-0.00789005,445.464,18919980000000,-0.0178999,30.23,33037650000000,1971.172,37.779,79.166,0.00525461,1135.840332,4.306,68.287,34.915,11692,M
2013.03.21_11:12:00_TAI,2546,6608.305,21.803,4.953331e+23,4.068582e+22,-0.00743835,419.82,18503810000000,-0.01711885,30.829,34200910000000,1976.294,38.256,80.905,0.02765924,1143.768921,4.316,68.563,35.208,11692,M
2013.03.21_11:24:00_TAI,2546,6510.606,20.673,4.945725e+23,4.133457e+22,-0.00788776,451.164,18511730000000,-0.01819427,30.217,33218680000000,1959.918,37.863,78.286,-0.00966868,1147.481934,4.316,66.634,34.508,11692,M
2013.03.21_11:36:00_TAI,2546,6326.353,20.596,4.788199e+23,4.144217e+22,-0.01040107,592.736,23614750000000,-0.02379674,30.134,33211620000000,1960.761,37.936,75.599,-0.02539531,1150.536987,4.237,65.65,34.212,11692,M
2013.03.21_11:48:00_TAI,2546,6435.649,20.734,4.813487e+23,4.109155e+22,-0.00979333,551.521,17747850000000,-0.02228917,29.962,34324800000000,1958.475,37.852,79.347,0.02944293,1154.39563,4.276,67.571,35.192,11692,M
2013.03.21_12:00:00_TAI,2546,6733.335,21.53,4.946987e+23,4.035291e+22,-0.00824513,456.112,19487350000000,-0.01876154,30.73,32672110000000,1910.32,38.36,79.092,0.01924352,1152.283813,4.272,67.353,34.975,11692,M
2013.11.21_16:00:00_TAI,3376,19292.24,40.576,1.416223e+24,4.087448e+22,-0.00913871,505.106,9648657000000,-0.01284668,42.389,53708150000000,3417.424,48.529,99.539,-0.11029996,1978.549927,4.352,95.452,51.857,11899,M
2013.11.21_16:00:00_TAI,3376,19292.24,40.576,1.416223e+24,4.087448e+22,-0.00913871,505.106,9648657000000,-0.01284668,42.389,53708150000000,3417.424,48.529,99.539,-0.11029996,1978.549927,4.352,95.452,51.857,11899,M
2013.11.21_16:00:00_TAI,3376,19292.24,40.576,1.416223e+24,4.087448e+22,-0.00913871,505.106,9648657000000,-0.01284668,42.389,53708150000000,3417.424,48.529,99.539,-0.11029996,1978.549927,4.352,95.452,51.857,11899,M
2013.11.21_16:12:00_TAI,3376,19097.1,40.495,1.419576e+24,4.096599e+22,-0.00839047,469.632,5820760000000,-0.01201819,42.435,54419830000000,3364.238,48.509,96.346,-0.03909833,1958.483276,4.303,92.837,50.608,11899,M
2013.11.21_16:12:00_TAI,3376,19097.1,40.495,1.419576e+24,4.096599e+22,-0.00839047,469.632,5820760000000,-0.01201819,42.435,54419830000000,3364.238,48.509,96.346,-0.03909833,1958.483276,4.303,92.837,50.608,11899,M
2013.11.21_16:12:00_TAI,3376,19097.1,40.495,1.419576e+24,4.096599e+22,-0.00839047,469.632,5820760000000,-0.01201819,42.435,54419830000000,3364.238,48.509,96.346,-0.03909833,1958.483276,4.303,92.837,50.608,11899,M
2013.11.21_16:24:00_TAI,3376,19389.91,40.668,1.418655e+24,4.092306e+22,-0.00952316,524.631,11120820000000,-0.01336098,42.31,53116770000000,3269.064,48.442,99.638,-0.03112585,1958.193726,4.403,95.072,50.996,11899,M
2013.11.21_16:24:00_TAI,3376,19389.91,40.668,1.418655e+24,4.092306e+22,-0.00952316,524.631,11120820000000,-0.01336098,42.31,53116770000000,3269.064,48.442,99.638,-0.03112585,1958.193726,4.403,95.072,50.996,11899,M
2013.11.21_16:24:00_TAI,3376,19389.91,40.668,1.418655e+24,4.092306e+22,-0.00952316,524.631,11120820000000,-0.01336098,42.31,53116770000000,3269.064,48.442,99.638,-0.03112585,1958.193726,4.403,95.072,50.996,11899,M
2013.11.21_16:36:00_TAI,3376,19346.24,41.379,1.426534e+24,4.079349e+22,-0.0098777,548.44,12486520000000,-0.01406395,42.859,54003100000000,3313.731,48.865,99.601,-0.11305571,1959.483887,4.413,95.098,51.097,11899,M
2013.11.21_16:36:00_TAI,3376,19346.24,41.379,1.426534e+24,4.079349e+22,-0.0098777,548.44,12486520000000,-0.01406395,42.859,54003100000000,3313.731,48.865,99.601,-0.11305571,1959.483887,4.413,95.098,51.097,11899,M
2013.11.21_16:36:00_TAI,3376,19346.24,41.379,1.426534e+24,4.079349e+22,-0.0098777,548.44,12486520000000,-0.01406395,42.859,54003100000000,3313.731,48.865,99.601,-0.11305571,1959.483887,4.413,95.098,51.097,11899,M
2013.11.21_16:48:00_TAI,3376,19058.39,40.835,1.426012e+24,4.111024e+22,-0.00918907,517.694,10609720000000,-0.01329252,42.662,54494620000000,3204.957,48.504,98.268,0.0248939,1961.742798,4.396,93.983,50.48,11899,M
2013.11.21_16:48:00_TAI,3376,19058.39,40.835,1.426012e+24,4.111024e+22,-0.00918907,517.694,10609720000000,-0.01329252,42.662,54494620000000,3204.957,48.504,98.268,0.0248939,1961.742798,4.396,93.983,50.48,11899,M
2013.11.21_16:48:00_TAI,3376,19058.39,40.835,1.426012e+24,4.111024e+22,-0.00918907,517.694,10609720000000,-0.01329252,42.662,54494620000000,3204.957,48.504,98.268,0.0248939,1961.742798,4.396,93.983,50.48,11899,M
2013.11.21_17:00:00_TAI,3376,18801.72,40.802,1.433599e+24,4.141852e+22,-0.00872739,501.066,8511211000000,-0.01293136,42.641,56152980000000,3388.456,48.254,99.666,0.02257099,1964.258545,4.393,94.997,49.978,11899,M
2013.11.21_17:00:00_TAI,3376,18801.72,40.802,1.433599e+24,4.141852e+22,-0.00872739,501.066,8511211000000,-0.01293136,42.641,56152980000000,3388.456,48.254,99.666,0.02257099,1964.258545,4.393,94.997,49.978,11899,M
2013.11.21_17:00:00_TAI,3376,18801.72,40.802,1.433599e+24,4.141852e+22,-0.00872739,501.066,8511211000000,-0.01293136,42.641,56152980000000,3388.456,48.254,99.666,0.02257099,1964.258545,4.393,94.997,49.978,11899,M
2013.11.21_17:12:00_TAI,3376,18278.94,40.568,1.434448e+24,4.197179e+22,-0.00839205,495.869,9810621000000,-0.01272406,42.671,56971710000000,3348.84,48.262,98.309,0.00263462,1953.654053,4.399,93.471,49.182,11899,M
2013.11.21_17:12:00_TAI,3376,18278.94,40.568,1.434448e+24,4.197179e+22,-0.00839205,495.869,9810621000000,-0.01272406,42.671,56971710000000,3348.84,48.262,98.309,0.00263462,1953.654053,4.399,93.471,49.182,11899,M
2013.11.21_17:12:00_TAI,3376,18278.94,40.568,1.434448e+24,4.197179e+22,-0.00839205,495.869,9810621000000,-0.01272406,42.671,56971710000000,3348.84,48.262,98.309,0.00263462,1953.654053,4.399,93.471,49.182,11899,M
2013.11.21_17:24:00_TAI,3376,18084.94,40.383,1.437573e+24,4.209021e+22,-0.00799071,478.268,8393949000000,-0.01233698,42.634,57242750000000,3288.041,48.2,98.178,0.01970378,1951.566772,4.355,93.541,48.957,11899,M
2013.11.21_17:24:00_TAI,3376,18084.94,40.383,1.437573e+24,4.209021e+22,-0.00799071,478.268,8393949000000,-0.01233698,42.634,57242750000000,3288.041,48.2,98.178,0.01970378,1951.566772,4.355,93.541,48.957,11899,M
2013.11.21_17:24:00_TAI,3376,18084.94,40.383,1.437573e+24,4.209021e+22,-0.00799071,478.268,8393949000000,-0.01233698,42.634,57242750000000,3288.041,48.2,98.178,0.01970378,1951.566772,4.355,93.541,48.957,11899,M
2013.11.21_17:36:00_TAI,3376,17566.4,40.253,1.433821e+24,4.262835e+22,-0.00770408,473.485,10154450000000,-0.01209637,42.582,57035810000000,3121.198,48.175,96.749,0.07177361,1940.439697,4.426,92.532,48.624,11899,M
2013.11.21_17:36:00_TAI,3376,17566.4,40.253,1.433821e+24,4.262835e+22,-0.00770408,473.485,10154450000000,-0.01209637,42.582,57035810000000,3121.198,48.175,96.749,0.07177361,1940.439697,4.426,92.532,48.624,11899,M
2013.11.21_17:36:00_TAI,3376,17566.4,40.253,1.433821e+24,4.262835e+22,-0.00770408,473.485,10154450000000,-0.01209637,42.582,57035810000000,3121.198,48.175,96.749,0.07177361,1940.439697,4.426,92.532,48.624,11899,M
2014.05.04_14:48:00_TAI,4071,8639.071,27.786,6.181348e+23,4.007906e+22,-0.01470575,792.287,31137810000000,-0.02980932,34.923,48513710000000,2887.35,41.525,100.767,-0.18491957,1297.351685,4.648,94.648,50.976,12051,M
2014.05.04_14:48:00_TAI,4071,8639.071,27.786,6.181348e+23,4.007906e+22,-0.01470575,792.287,31137810000000,-0.02980932,34.923,48513710000000,2887.35,41.525,100.767,-0.18491957,1297.351685,4.648,94.648,50.976,12051,M
2015.02.01_05:00:00_TAI,5127,5956.504,23.289,5.885967e+23,4.801844e+22,-0.00043015,32.005,3657360000000,-0.00116777,33.452,70341100000000,3427.227,40.061,111.252,0.09235674,2273.071289,4.577,108.582,53.912,12277,M
2015.02.01_05:00:00_TAI,5127,5956.504,23.289,5.885967e+23,4.801844e+22,-0.00043015,32.005,3657360000000,-0.00116777,33.452,70341100000000,3427.227,40.061,111.252,0.09235674,2273.071289,4.577,108.582,53.912,12277,M
2015.02.01_05:00:00_TAI,5127,5956.504,23.289,5.885967e+23,4.801844e+22,-0.00043015,32.005,3657360000000,-0.00116777,33.452,70341100000000,3427.227,40.061,111.252,0.09235674,2273.071289,4.577,108.582,53.912,12277,M
2015.02.01_05:12:00_TAI,5127,5931.326,23.009,5.907875e+23,4.817782e+22,6.319e-05,4.739,7221131000000,0.00017252,33.414,72006420000000,3474.26,40.103,111.556,0.01563153,2271.228516,4.542,109.087,54.226,12277,M
2015.02.01_05:12:00_TAI,5127,5931.326,23.009,5.907875e+23,4.817782e+22,6.319e-05,4.739,7221131000000,0.00017252,33.414,72006420000000,3474.26,40.103,111.556,0.01563153,2271.228516,4.542,109.087,54.226,12277,M
2015.02.01_05:12:00_TAI,5127,5931.326,23.009,5.907875e+23,4.817782e+22,6.319e-05,4.739,7221131000000,0.00017252,33.414,72006420000000,3474.26,40.103,111.556,0.01563153,2271.228516,4.542,109.087,54.226,12277,M
2015.02.01_05:24:00_TAI,5127,6030.062,23.692,5.948323e+23,4.778004e+22,-3.529e-05,2.622,6819296000000,-9.585e-05,33.657,71814290000000,3484.13,40.357,111.842,0.05060272,2270.977295,4.528,109.145,54.572,12277,M
2015.02.01_05:24:00_TAI,5127,6030.062,23.692,5.948323e+23,4.778004e+22,-3.529e-05,2.622,6819296000000,-9.585e-05,33.657,71814290000000,3484.13,40.357,111.842,0.05060272,2270.977295,4.528,109.145,54.572,12277,M
2015.02.01_05:24:00_TAI,5127,6030.062,23.692,5.948323e+23,4.778004e+22,-3.529e-05,2.622,6819296000000,-9.585e-05,33.657,71814290000000,3484.13,40.357,111.842,0.05060272,2270.977295,4.528,109.145,54.572,12277,M
2015.02.01_05:36:00_TAI,5127,5975.688,24.067,5.95714e+23,4.801163e+22,5.667e-05,4.254,7450315000000,0.00015476,33.871,74060620000000,3559.662,40.554,112.015,0.05925164,2278.230469,4.616,109.138,54.638,12277,M
2015.02.01_05:36:00_TAI,5127,5975.688,24.067,5.95714e+23,4.801163e+22,5.667e-05,4.254,7450315000000,0.00015476,33.871,74060620000000,3559.662,40.554,112.015,0.05925164,2278.230469,4.616,109.138,54.638,12277,M
2015.02.01_05:36:00_TAI,5127,5975.688,24.067,5.95714e+23,4.801163e+22,5.667e-05,4.254,7450315000000,0.00015476,33.871,74060620000000,3559.662,40.554,112.015,0.05925164,2278.230469,4.616,109.138,54.638,12277,M
2015.02.01_05:48:00_TAI,5127,6032.362,23.93,5.942019e+23,4.78096e+22,0.0002178,16.155,10907100000000,0.00058741,33.802,75029380000000,3607.051,40.437,113.107,0.06441892,2281.161621,4.566,110.117,55.123,12277,M
2015.02.01_05:48:00_TAI,5127,6032.362,23.93,5.942019e+23,4.78096e+22,0.0002178,16.155,10907100000000,0.00058741,33.802,75029380000000,3607.051,40.437,113.107,0.06441892,2281.161621,4.566,110.117,55.123,12277,M
2015.02.01_05:48:00_TAI,5127,6032.362,23.93,5.942019e+23,4.78096e+22,0.0002178,16.155,10907100000000,0.00058741,33.802,75029380000000,3607.051,40.437,113.107,0.06441892,2281.161621,4.566,110.117,55.123,12277,M
2015.02.01_06:00:00_TAI,5127,6113.423,23.893,5.915183e+23,4.724961e+22,-5.805e-05,4.229,9669867000000,-0.00015452,33.812,74943480000000,3634.233,40.559,113.711,0.11891849,2275.408203,4.579,110.605,55.363,12277,M
2015.02.01_06:00:00_TAI,5127,6113.423,23.893,5.915183e+23,4.724961e+22,-5.805e-05,4.229,9669867000000,-0.00015452,33.812,74943480000000,3634.233,40.559,113.711,0.11891849,2275.408203,4.579,110.605,55.363,12277,M
2015.02.01_06:00:00_TAI,5127,6113.423,23.893,5.915183e+23,4.724961e+22,-5.805e-05,4.229,9669867000000,-0.00015452,33.812,74943480000000,3634.233,40.559,113.711,0.11891849,2275.408203,4.579,110.605,55.363,12277,M
2015.02.01_06:12:00_TAI,5127,6227.489,23.866,5.906623e+23,4.682469e+22,0.00021931,15.663,10563980000000,0.00057444,33.767,76145670000000,3687.587,40.523,115.379,0.09159724,2282.527344,4.598,112.008,56.234,12277,M
2015.02.01_06:12:00_TAI,5127,6227.489,23.866,5.906623e+23,4.682469e+22,0.00021931,15.663,10563980000000,0.00057444,33.767,76145670000000,3687.587,40.523,115.379,0.09159724,2282.527344,4.598,112.008,56.234,12277,M
2015.02.01_06:12:00_TAI,5127,6227.489,23.866,5.906623e+23,4.682469e+22,0.00021931,15.663,10563980000000,0.00057444,33.767,76145670000000,3687.587,40.523,115.379,0.09159724,2282.527344,4.598,112.008,56.234,12277,M
2015.02.01_06:24:00_TAI,5127,6386.029,24.102,5.862016e+23,4.597347e+22,-0.00035096,24.258,7743624000000,-0.00089823,33.846,75870330000000,3747.626,40.468,116.448,0.12023189,2280.517334,4.595,113.039,57.035,12277,M
2015.02.01_06:24:00_TAI,5127,6386.029,24.102,5.862016e+23,4.597347e+22,-0.00035096,24.258,7743624000000,-0.00089823,33.846,75870330000000,3747.626,40.468,116.448,0.12023189,2280.517334,4.595,113.039,57.035,12277,M
2015.02.01_06:24:00_TAI,5127,6386.029,24.102,5.862016e+23,4.597347e+22,-0.00035096,24.258,7743624000000,-0.00089823,33.846,75870330000000,3747.626,40.468,116.448,0.12023189,2280.517334,4.595,113.039,57.035,12277,M
2015.02.01_06:36:00_TAI,5127,6564.917,24.058,5.809134e+23,4.505237e+22,-0.00044454,29.619,7169141000000,-0.00111029,33.725,74333580000000,3731.12,40.369,117.57,0.17384149,2281.43457,4.586,113.819,57.613,12277,M
2015.02.01_06:36:00_TAI,5127,6564.917,24.058,5.809134e+23,4.505237e+22,-0.00044454,29.619,7169141000000,-0.00111029,33.725,74333580000000,3731.12,40.369,117.57,0.17384149,2281.43457,4.586,113.819,57.613,12277,M
2015.02.01_06:36:00_TAI,5127,6564.917,24.058,5.809134e+23,4.505237e+22,-0.00044454,29.619,7169141000000,-0.00111029,33.725,74333580000000,3731.12,40.369,117.57,0.17384149,2281.43457,4.586,113.819,57.613,12277,M
2015.02.01_06:48:00_TAI,5127,6557.115,23.891,5.661683e+23,4.448969e+22,-0.0009606,62.454,3694259000000,-0.0023585,33.634,73725800000000,3743.531,40.11,118.403,0.11121677,2298.415039,4.639,114.687,58.068,12277,M
2015.02.01_06:48:00_TAI,5127,6557.115,23.891,5.661683e+23,4.448969e+22,-0.0009606,62.454,3694259000000,-0.0023585,33.634,73725800000000,3743.531,40.11,118.403,0.11121677,2298.415039,4.639,114.687,58.068,12277,M
2015.02.01_06:48:00_TAI,5127,6557.115,23.891,5.661683e+23,4.448969e+22,-0.0009606,62.454,3694259000000,-0.0023585,33.634,73725800000000,3743.531,40.11,118.403,0.11121677,2298.415039,4.639,114.687,58.068,12277,M
2015.06.17_13:48:00_TAI,5692,12195.75,37.839,9.745114e+23,4.5937e+22,-0.00755743,454.708,20149890000000,-0.01324191,40.429,49216710000000,2924.306,46.467,84.994,-0.02418012,1495.361328,4.543,74.406,46.494,12371,M
2015.06.17_13:48:00_TAI,5692,12195.75,37.839,9.745114e+23,4.5937e+22,-0.00755743,454.708,20149890000000,-0.01324191,40.429,49216710000000,2924.306,46.467,84.994,-0.02418012,1495.361328,4.543,74.406,46.494,12371,M
2015.06.17_13:48:00_TAI,5692,12195.75,37.839,9.745114e+23,4.5937e+22,-0.00755743,454.708,20149890000000,-0.01324191,40.429,49216710000000,2924.306,46.467,84.994,-0.02418012,1495.361328,4.543,74.406,46.494,12371,M
2015.06.17_13:48:00_TAI,5692,12195.75,37.839,9.745114e+23,4.5937e+22,-0.00755743,454.708,20149890000000,-0.01324191,40.429,49216710000000,2924.306,46.467,84.994,-0.02418012,1495.361328,4.543,74.406,46.494,12371,M
2015.06.17_14:00:00_TAI,5692,12233.29,38.48,9.828561e+23,4.592959e+22,-0.00645251,390.344,16223740000000,-0.0113452,40.761,49621110000000,2959.328,46.959,83.878,-0.0861452,1503.894775,4.549,74.33,46.611,12371,M
2015.06.17_14:00:00_TAI,5692,12233.29,38.48,9.828561e+23,4.592959e+22,-0.00645251,390.344,16223740000000,-0.0113452,40.761,49621110000000,2959.328,46.959,83.878,-0.0861452,1503.894775,4.549,74.33,46.611,12371,M
2015.06.17_14:00:00_TAI,5692,12233.29,38.48,9.828561e+23,4.592959e+22,-0.00645251,390.344,16223740000000,-0.0113452,40.761,49621110000000,2959.328,46.959,83.878,-0.0861452,1503.894775,4.549,74.33,46.611,12371,M
2015.06.17_14:00:00_TAI,5692,12233.29,38.48,9.828561e+23,4.592959e+22,-0.00645251,390.344,16223740000000,-0.0113452,40.761,49621110000000,2959.328,46.959,83.878,-0.0861452,1503.894775,4.549,74.33,46.611,12371,M
2015.06.17_14:12:00_TAI,5692,12188.43,39.034,9.938846e+23,4.593827e+22,-0.0073866,453.537,20544220000000,-0.01323218,41.023,50196880000000,2942.961,47.247,83.617,-0.05474061,1489.501465,4.538,73.913,46.735,12371,M
2015.06.17_14:12:00_TAI,5692,12188.43,39.034,9.938846e+23,4.593827e+22,-0.0073866,453.537,20544220000000,-0.01323218,41.023,50196880000000,2942.961,47.247,83.617,-0.05474061,1489.501465,4.538,73.913,46.735,12371,M
2015.06.17_14:12:00_TAI,5692,12188.43,39.034,9.938846e+23,4.593827e+22,-0.0073866,453.537,20544220000000,-0.01323218,41.023,50196880000000,2942.961,47.247,83.617,-0.05474061,1489.501465,4.538,73.913,46.735,12371,M
2015.06.17_14:12:00_TAI,5692,12188.43,39.034,9.938846e+23,4.593827e+22,-0.0073866,453.537,20544220000000,-0.01323218,41.023,50196880000000,2942.961,47.247,83.617,-0.05474061,1489.501465,4.538,73.913,46.735,12371,M
2015.06.17_14:24:00_TAI,5692,12250.32,38.98,9.893814e+23,4.584389e+22,-0.00577103,350.942,15932750000000,-0.01020088,40.968,50091260000000,2958.458,47.244,83.641,-0.08083542,1494.039429,4.561,74.534,46.695,12371,M
2015.06.17_14:24:00_TAI,5692,12250.32,38.98,9.893814e+23,4.584389e+22,-0.00577103,350.942,15932750000000,-0.01020088,40.968,50091260000000,2958.458,47.244,83.641,-0.08083542,1494.039429,4.561,74.534,46.695,12371,M
2015.06.17_14:24:00_TAI,5692,12250.32,38.98,9.893814e+23,4.584389e+22,-0.00577103,350.942,15932750000000,-0.01020088,40.968,50091260000000,2958.458,47.244,83.641,-0.08083542,1494.039429,4.561,74.534,46.695,12371,M
2015.06.17_14:24:00_TAI,5692,12250.32,38.98,9.893814e+23,4.584389e+22,-0.00577103,350.942,15932750000000,-0.01020088,40.968,50091260000000,2958.458,47.244,83.641,-0.08083542,1494.039429,4.561,74.534,46.695,12371,M
2015.06.17_14:36:00_TAI,5692,12163.61,37.945,9.781295e+23,4.63686e+22,-0.00593104,359.124,17482270000000,-0.01033789,40.305,49423000000000,2982.2,46.453,83.588,-0.00105796,1491.178833,4.554,74.934,46.404,12371,M
2015.06.17_14:36:00_TAI,5692,12163.61,37.945,9.781295e+23,4.63686e+22,-0.00593104,359.124,17482270000000,-0.01033789,40.305,49423000000000,2982.2,46.453,83.588,-0.00105796,1491.178833,4.554,74.934,46.404,12371,M
2015.06.17_14:36:00_TAI,5692,12163.61,37.945,9.781295e+23,4.63686e+22,-0.00593104,359.124,17482270000000,-0.01033789,40.305,49423000000000,2982.2,46.453,83.588,-0.00105796,1491.178833,4.554,74.934,46.404,12371,M
2015.06.17_14:36:00_TAI,5692,12163.61,37.945,9.781295e+23,4.63686e+22,-0.00593104,359.124,17482270000000,-0.01033789,40.305,49423000000000,2982.2,46.453,83.588,-0.00105796,1491.178833,4.554,74.934,46.404,12371,M
2015.06.17_14:48:00_TAI,5692,12343.62,38.473,9.913265e+23,4.616645e+22,-0.0059621,360.522,15981130000000,-0.01039531,40.649,48702960000000,2939.155,46.92,83.681,-0.05917223,1495.119507,4.577,74.777,46.57,12371,M
2015.06.17_14:48:00_TAI,5692,12343.62,38.473,9.913265e+23,4.616645e+22,-0.0059621,360.522,15981130000000,-0.01039531,40.649,48702960000000,2939.155,46.92,83.681,-0.05917223,1495.119507,4.577,74.777,46.57,12371,M
2015.06.17_14:48:00_TAI,5692,12343.62,38.473,9.913265e+23,4.616645e+22,-0.0059621,360.522,15981130000000,-0.01039531,40.649,48702960000000,2939.155,46.92,83.681,-0.05917223,1495.119507,4.577,74.777,46.57,12371,M
2015.06.17_14:48:00_TAI,5692,12343.62,38.473,9.913265e+23,4.616645e+22,-0.0059621,360.522,15981130000000,-0.01039531,40.649,48702960000000,2939.155,46.92,83.681,-0.05917223,1495.119507,4.577,74.777,46.57,12371,M
2015.06.17_15:00:00_TAI,5692,12358.57,38.211,9.935119e+23,4.629078e+22,-0.00597966,361.949,17999320000000,-0.01038933,40.575,48699980000000,2933.893,47.017,83.538,0.04460474,1505.565796,4.545,74.977,46.57,12371,M
2015.06.17_15:00:00_TAI,5692,12358.57,38.211,9.935119e+23,4.629078e+22,-0.00597966,361.949,17999320000000,-0.01038933,40.575,48699980000000,2933.893,47.017,83.538,0.04460474,1505.565796,4.545,74.977,46.57,12371,M
2015.06.17_15:00:00_TAI,5692,12358.57,38.211,9.935119e+23,4.629078e+22,-0.00597966,361.949,17999320000000,-0.01038933,40.575,48699980000000,2933.893,47.017,83.538,0.04460474,1505.565796,4.545,74.977,46.57,12371,M
2015.06.17_15:00:00_TAI,5692,12358.57,38.211,9.935119e+23,4.629078e+22,-0.00597966,361.949,17999320000000,-0.01038933,40.575,48699980000000,2933.893,47.017,83.538,0.04460474,1505.565796,4.545,74.977,46.57,12371,M
2015.06.17_15:12:00_TAI,5692,12309.62,38.243,9.959525e+23,4.652655e+22,-0.00575683,350.723,17616010000000,-0.01001504,40.534,49113720000000,2936.369,46.912,83.5,0.01005263,1496.576538,4.524,75.166,46.502,12371,M
2015.06.17_15:12:00_TAI,5692,12309.62,38.243,9.959525e+23,4.652655e+22,-0.00575683,350.723,17616010000000,-0.01001504,40.534,49113720000000,2936.369,46.912,83.5,0.01005263,1496.576538,4.524,75.166,46.502,12371,M
2015.06.17_15:12:00_TAI,5692,12309.62,38.243,9.959525e+23,4.652655e+22,-0.00575683,350.723,17616010000000,-0.01001504,40.534,49113720000000,2936.369,46.912,83.5,0.01005263,1496.576538,4.524,75.166,46.502,12371,M
2015.06.17_15:12:00_TAI,5692,12309.62,38.243,9.959525e+23,4.652655e+22,-0.00575683,350.723,17616010000000,-0.01001504,40.534,49113720000000,2936.369,46.912,83.5,0.01005263,1496.576538,4.524,75.166,46.502,12371,M
2015.06.17_15:24:00_TAI,5692,12228.34,38.025,9.993314e+23,4.681429e+22,-0.00601752,370.282,17344800000000,-0.01050913,40.482,49848190000000,2956.737,46.89,83.823,0.03002798,1479.642456,4.528,75.173,46.384,12371,M
2015.06.17_15:24:00_TAI,5692,12228.34,38.025,9.993314e+23,4.681429e+22,-0.00601752,370.282,17344800000000,-0.01050913,40.482,49848190000000,2956.737,46.89,83.823,0.03002798,1479.642456,4.528,75.173,46.384,12371,M
2015.06.17_15:24:00_TAI,5692,12228.34,38.025,9.993314e+23,4.681429e+22,-0.00601752,370.282,17344800000000,-0.01050913,40.482,49848190000000,2956.737,46.89,83.823,0.03002798,1479.642456,4.528,75.173,46.384,12371,M
2015.06.17_15:24:00_TAI,5692,12228.34,38.025,9.993314e+23,4.681429e+22,-0.00601752,370.282,17344800000000,-0.01050913,40.482,49848190000000,2956.737,46.89,83.823,0.03002798,1479.642456,4.528,75.173,46.384,12371,M
2015.10.31_19:12:00_TAI,6063,11193.69,36.74,1.085702e+24,5.331063e+22,-0.00012273,8.963,4754524000000,-0.00022844,41.249,75236760000000,4153.034,47.334,103.312,-0.12563314,1804.466309,4.995,93.281,56.652,12443,M
2015.10.31_19:12:00_TAI,6063,11193.69,36.74,1.085702e+24,5.331063e+22,-0.00012273,8.963,4754524000000,-0.00022844,41.249,75236760000000,4153.034,47.334,103.312,-0.12563314,1804.466309,4.995,93.281,56.652,12443,M
2015.10.31_19:24:00_TAI,6063,11265.57,36.982,1.084894e+24,5.31422e+22,-2.426e-05,1.759,6434689000000,-4.482e-05,41.318,74900660000000,4158.489,47.29,103.936,-0.17124842,1805.412476,5.003,94.104,56.839,12443,M
2015.10.31_19:24:00_TAI,6063,11265.57,36.982,1.084894e+24,5.31422e+22,-2.426e-05,1.759,6434689000000,-4.482e-05,41.318,74900660000000,4158.489,47.29,103.936,-0.17124842,1805.412476,5.003,94.104,56.839,12443,M
2015.10.31_19:36:00_TAI,6063,11529.96,37.406,1.099224e+24,5.258935e+22,0.00085651,61.484,5935497000000,0.00157921,41.616,75837400000000,4169.26,47.651,105.017,-0.15956233,1811.79541,4.993,94.806,57.976,12443,M
2015.10.31_19:36:00_TAI,6063,11529.96,37.406,1.099224e+24,5.258935e+22,0.00085651,61.484,5935497000000,0.00157921,41.616,75837400000000,4169.26,47.651,105.017,-0.15956233,1811.79541,4.993,94.806,57.976,12443,M
2015.10.31_19:48:00_TAI,6063,11760.61,37.993,1.105329e+24,5.197402e+22,0.00058458,41.37,4581143000000,0.00107118,41.935,75412270000000,4134.546,47.998,104.393,-0.1249227,1807.541748,4.918,94.402,57.777,12443,M
2015.10.31_19:48:00_TAI,6063,11760.61,37.993,1.105329e+24,5.197402e+22,0.00058458,41.37,4581143000000,0.00107118,41.935,75412270000000,4134.546,47.998,104.393,-0.1249227,1807.541748,4.918,94.402,57.777,12443,M
2015.10.31_20:00:00_TAI,6063,11721.51,37.364,1.100051e+24,5.23115e+22,0.00160532,113.44,5965345000000,0.00292554,41.485,75131330000000,4208.733,47.535,104.984,-0.1629044,1802.004395,4.909,94.452,57.76,12443,M
2015.10.31_20:00:00_TAI,6063,11721.51,37.364,1.100051e+24,5.23115e+22,0.00160532,113.44,5965345000000,0.00292554,41.485,75131330000000,4208.733,47.535,104.984,-0.1629044,1802.004395,4.909,94.452,57.76,12443,M
2015.10.31_20:12:00_TAI,6063,11747.53,37.133,1.100621e+24,5.238996e+22,0.00110195,77.74,6774713000000,0.0020055,41.448,75025940000000,4213.707,47.418,104.969,-0.18532032,1813.600952,4.954,94.316,57.925,12443,M
2015.10.31_20:12:00_TAI,6063,11747.53,37.133,1.100621e+24,5.238996e+22,0.00110195,77.74,6774713000000,0.0020055,41.448,75025940000000,4213.707,47.418,104.969,-0.18532032,1813.600952,4.954,94.316,57.925,12443,M
2015.10.31_20:24:00_TAI,6063,11904.4,37.812,1.110179e+24,5.218206e+22,0.00156149,109.648,9270699000000,0.0028318,41.82,74902290000000,4227.238,47.704,105.043,-0.2547687,1822.455444,4.944,94.529,57.795,12443,M
2015.10.31_20:24:00_TAI,6063,11904.4,37.812,1.110179e+24,5.218206e+22,0.00156149,109.648,9270699000000,0.0028318,41.82,74902290000000,4227.238,47.704,105.043,-0.2547687,1822.455444,4.944,94.529,57.795,12443,M
2015.10.31_20:36:00_TAI,6063,11868.84,37.805,1.112553e+24,5.241477e+22,0.00113645,80.213,6901727000000,0.00206399,41.755,75574270000000,4257.112,47.674,105.216,-0.18869497,1833.126953,4.936,94.733,57.584,12443,M
2015.10.31_20:36:00_TAI,6063,11868.84,37.805,1.112553e+24,5.241477e+22,0.00113645,80.213,6901727000000,0.00206399,41.755,75574270000000,4257.112,47.674,105.216,-0.18869497,1833.126953,4.936,94.733,57.584,12443,M
2015.10.31_20:48:00_TAI,6063,11653.83,36.772,1.093204e+24,5.301954e+22,0.00120756,85.293,7464506000000,0.00218033,41.096,76798880000000,4360.738,46.997,105.518,-0.20392913,1834.7229,4.943,94.83,57.975,12443,M
2015.10.31_20:48:00_TAI,6063,11653.83,36.772,1.093204e+24,5.301954e+22,0.00120756,85.293,7464506000000,0.00218033,41.096,76798880000000,4360.738,46.997,105.518,-0.20392913,1834.7229,4.943,94.83,57.975,12443,M
2016.04.12_17:24:00_TAI,6483,23207.05,54.59,1.714762e+24,4.184693e+22,-0.00920269,512.001,12932570000000,-0.01231046,49.494,52624150000000,2789.677,55.248,89.311,0.17054017,1754.163696,4.546,83.849,51.399,12529,M
2016.04.12_17:36:00_TAI,6483,23506.0,54.216,1.706977e+24,4.162437e+22,-0.00946821,517.722,13563240000000,-0.01244388,49.311,51692920000000,2770.975,55.095,89.921,0.14616108,1763.735718,4.467,83.938,51.435,12529,M
2016.04.12_17:48:00_TAI,6483,24476.75,54.796,1.705698e+24,4.115512e+22,-0.01011066,530.527,15225280000000,-0.01266471,49.517,50071610000000,2779.976,55.127,90.782,0.16732897,1770.859131,4.482,83.994,51.614,12529,M
2016.04.12_18:00:00_TAI,6483,24568.07,54.75,1.70521e+24,4.113135e+22,-0.00992503,518.702,14491730000000,-0.01233024,49.401,50053470000000,2774.568,55.14,91.024,0.22434291,1779.876465,4.538,83.984,51.728,12529,M
2016.04.12_18:12:00_TAI,6483,24479.11,54.794,1.709471e+24,4.121226e+22,-0.00968778,509.422,13071440000000,-0.0120896,49.404,50852780000000,2802.727,55.102,90.931,0.28566784,1778.857544,4.549,83.479,51.47,12529,M
2016.04.12_18:24:00_TAI,6483,24247.48,54.631,1.71033e+24,4.134579e+22,-0.00910613,483.654,10745390000000,-0.01143843,49.5,50383120000000,2750.282,55.169,90.491,0.28672087,1773.325684,4.55,82.648,50.508,12529,M
2016.04.12_18:36:00_TAI,6483,23560.99,55.198,1.7146e+24,4.156992e+22,-0.00848732,465.063,11123890000000,-0.01099793,49.889,51471230000000,2790.683,55.542,88.988,0.28239036,1776.408691,4.493,81.3,49.56,12529,M
2016.04.12_18:48:00_TAI,6483,22551.04,55.424,1.723044e+24,4.20448e+22,-0.00791815,455.539,10430850000000,-0.01074506,50.294,53703780000000,2802.744,55.953,86.954,0.2897447,1763.636597,4.471,79.493,48.779,12529,M
2016.04.12_19:00:00_TAI,6483,21689.34,55.478,1.732268e+24,4.263368e+22,-0.00742009,446.222,9159121000000,-0.01047785,50.588,55295890000000,2833.157,56.117,86.002,0.27028978,1762.642456,4.488,78.718,47.907,12529,M
